:020000040800F2
:10000000086F00204D030008AB5800081D4C000885
:1000100079580008D1110008596D0008000000004F
:100020000000000000000000000000008D02000839
:10003000E51B000800000000E90200081D5E000842
:1000400067030008670300086703000867030008E8
:1000500067030008670300086703000867030008D8
:1000600067030008670300086703000867030008C8
:1000700029190008391900084919000859190008F8
:10008000691900087919000867030008B11200080F
:10009000D51100086703000867030008E71B000884
:1000A0006703000867030008670300086703000888
:1000B00067030008F15F000801600008670300089B
:1000C0006703000867030008670300086703000868
:1000D00067030008656A00087D6A0008956A0008E1
:1000E0006703000867030008670300086703000848
:1000F0006703000867030008670300086703000838
:100100006703000867030008670300086703000827
:1001100075630008670300081160000867030008A2
:10012000670300088919000899190008A91900082F
:100130006703000867030008670300083D13000811
:10014000C11200086703000867030008670300087E
:1001500067030008B9190008C9190008AD6A00084A
:1001600067030008670300086703000867030008C7
:100170006703000867030008670300080000000029
:10018000670300086703000800F002F800F06EF84B
:100190000AA090E8000C82448344AAF10107DA45E2
:1001A00001D100F063F8AFF2090EBAE80F0013F0C6
:1001B000010F18BFFB1A43F00103184738E700008E
:1001C00058E700000A444FF0000C10F8013B13F010
:1001D000070408BF10F8014B1D1108BF10F8015BA0
:1001E000641E05D010F8016B641E01F8016BF9D193
:1001F00013F0080F1EBF10F8014BAD1C0C1B09D1EA
:100200006D1E58BF01F801CBFAD505E014F8016B5B
:1002100001F8016B6D1EF9D59142D6D370470000ED
:100220000023002400250026103A28BF78C1FBD8FF
:10023000520728BF30C148BF0B6070471FB50DF093
:10024000D0FF9DE8030000F065FB00F047FB0400D1
:10025000002000210DF01EF8401C606000F026FA1E
:100260001FBD10B5002000F0EEFA10BD00F0E2FB5B
:100270001146FFF7E3FF0AF0AEFE00F028FC03B4DE
:10028000FFF7EFFF03BC00F0CFFB00002C4B196819
:100290000868B0E8F04F80F30988BFF36F8F4FF024
:1002A000000080F3118870470000000008480068D3
:1002B000006880F308884FF0000080F3148862B66D
:1002C00061B6BFF34F8FBFF36F8F00DF00BF00BF7A
:1002D00008ED00E0DFF80C00016841F470010160F6
:1002E000704700BF88ED00E0EFF30980BFF36F8F28
:1002F000134B1A681EF0100F08BF20ED108A20E97A
:10030000F04F106009B44FF0500080F31188BFF334
:100310004F8FBFF36F8F0CF08BF84FF0000080F31E
:10032000118809BC19680868B0E8F04F1EF0100F7A
:1003300008BFB0EC108A80F30988BFF36F8F704755
:100340003C000020EFF3058070470000094880471B
:1003500009480047FEE7FEE7FEE7FEE7FEE7FEE7A7
:10036000FEE7FEE7FEE7FEE704480549054A064BBF
:1003700070470000E95E0008890100080869002054
:10038000086F0020086B0020086B002053EA020C65
:1003900000F069802DE9F04B4FF00006002B1FBFE5
:1003A000B3FA83F503FA05F424FA05F65E4012BFAA
:1003B0001643B2FA82F502FA05F4C5F120051EBF14
:1003C00022FA05FC44EA0C04203556EA044C4FEAB4
:1003D000144418BF641C4FF000084FF0000990420D
:1003E00071EB030C39D3002919BFB1FA81F701FA77
:1003F00007F6B0FA80F700FA07F6C7F120071EBF2C
:1004000020FA07FC46EA0C062037B6FBF4FCA7EB03
:100410000507103F07F01F0BCBF120060CFA0BFB72
:100420002CFA06F644BFB3460026202FA4BF5E4632
:100430004FF0000B5BEA060C08BF4FF0010B19EB05
:100440000B09ABFB027C48EB0608C01B06FB02CC89
:100450000BFB03CC71EB0C01C1E70B460246414696
:100460004846BDE8F08B13B54FF000004FF0000197
:10047000AFF30080BDE81C40704770B5064600F041
:1004800045F90468054630460A22002100F0A3F928
:100490002C6070BD2DE9F041074615460E46102030
:1004A00000F038F904000AD06760C4E9026500F082
:1004B00029F90168216004600020BDE8F081012075
:1004C000FBE7401ECAB210F8011F8A4202D0002981
:1004D000F9D100207047032A40F2308010F0030C5D
:1004E00000F0158011F8013BBCF1020F624498BF87
:1004F00011F801CB00F8013B38BF11F8013BA2F124
:10050000040298BF00F801CB38BF00F8013B11F09E
:10051000030300F02580083AC0F0088051F8043B3E
:10052000083A51F804CBA0E80810F5E7121D5CBFAB
:1005300051F8043B40F8043BAFF30080D20724BFDE
:1005400011F8013B11F801CB48BF11F8012B24BF72
:1005500000F8013B00F801CB48BF00F8012B7047C1
:1005600010B5203AC0F00B80B1E81850203AA0E84E
:100570001850B1E81850A0E81850BFF4F5AF5FEA82
:10058000027C24BFB1E81850A0E8185044BF18C935
:1005900018C0BDE810405FEA827C24BF51F8043BDC
:1005A00040F8043B08BF7047D20728BF31F8023B30
:1005B00048BF11F8012B28BF20F8023B48BF00F8C4
:1005C000012B704702F0FF0343EA032242EA024292
:1005D00000F05CB94FF0000200B513469446964611
:1005E000203922BFA0E80C50A0E80C50B1F1200146
:1005F000BFF4F7AF090728BFA0E80C5048BF0CC0F4
:100600005DF804EB890028BF40F8042B08BF704751
:1006100048BF20F8022B11F0804F18BF00F8012BC3
:10062000704700004FF0013C50F8042B51F8043B98
:100630009A4221D1A2EB0C03934313EACC1317D1B6
:1006400050F8042B51F8043B9A4215D1A2EB0C034D
:10065000934313EACC130BD150F8042B51F8043B0D
:100660009A4209D1A2EB0C03934313EACC13DBD0DB
:100670004FF00000704700BFD01A01BAB1FA81F103
:1006800001F0180122FA01F0CB40C1F12001DBB2E8
:10069000C0B2C01A2CFA01F3D11A914311EAC31166
:1006A000E6D17047704770477047000070B5064C40
:1006B0007C44064D7D4403E0206820448047241D8F
:1006C000AC42F9D170BD000070E3000094E300007B
:1006D0002DE9F04117460E46054633B107FB03549A
:1006E000E41B2046B047A542FAD1A5F10800BDE8B9
:1006F000F081000010B500F0F1F8001D10BD00BF42
:1007000095CB000000487047DC6800200048704727
:10071000A468002070B5064600F0DCF8056806F114
:100720000B0020F00704B4429CBF002070BD2B4694
:100730006A68BAB11068A04210D304F10801884277
:100740003CBF5068586007D3516810194160116868
:10075000091B016058601460101D70BD134652687B
:10076000002AE7D12146284600F0C0F80028DED153
:1007700070BD70B50446051F00F0ACF80068002C91
:1007800014BF446870BD002C18BFAC423CBF20466B
:100790006468F8D301680A18AA4218BF456003D1FB
:1007A0002A6805461144016028684119A1421CBF0E
:1007B0006C6070BD6168696021680844286070BD24
:1007C00010B5FFF7A3FF006810BD10B50446FFF792
:1007D0009DFF046010BD2DE9F04791460F4680460D
:1007E0000446002614F8015B2DB1FFF783FF006873
:1007F000405DC007F6D12B2D02D02D2D18D0641EE0
:100800004A463946204600F0BBF827B13968A14274
:1008100001D1C7F800804FF0020471050BD54042AA
:10082000002803DDFFF772FF0460A007BDE8F08732
:1008300046F48066E4E70028F8DAFFF767FF046013
:100840006FF00040F2E72DE9F0410646FFF75AFF4E
:100850008046454613E016B1E068B0420ED12068EC
:100860002860D4E90101D8F8007088472046FFF7D6
:1008700080FFD8F80000B842EBD100E025462C6894
:10088000002CE8D1BDE8F0814FF000020429C0F04F
:10089000128010F0030C3FF49FAECCF1040CBCF1BD
:1008A000020F18BF00F8012BA8BF20F8022BA1EB04
:1008B0000C01FFF791BE5FEAC17C24BF00F8012B59
:1008C00000F8012B48BF00F8012B70470048704723
:1008D000A468002000487047AC68002000487047BA
:1008E000C4680020704770477047704738B50446A9
:1008F0000A4600206946AFF30080002808BF38BDD3
:1009000002460099204600F0BAF8012038BD0120C7
:1009100000F0FFB8F8B5AFF30080054600200C46A4
:10092000102000BF0646A819A0420DD932466946DC
:100930000020AFF30080070008BF00F0EAF800983D
:10094000A04218BF0546C419FFF7C4FF056007465B
:10095000F01D20F007004619284600F00AF8B442BE
:1009600008BFF8BDA21B31463868BDE8F84000F06A
:1009700086B800210160C0E901107047102070475F
:100980002DE9F05F824615468B4600270AF10104E7
:10099000B9460078302801D09DB113E014F8010B5E
:1009A0000127782803D0582801D045B10AE00DB1BD
:1009B000102D07D1002714F8010B102502E008259F
:1009C00000E00A250026B0460EE005FB080005FB06
:1009D00006F101271FFA80F801EB1046B6F5803FBB
:1009E00000D3B94614F8010B294600F062F800283C
:1009F000EBDABBF1000F05D00FB1641E00E05446E6
:100A0000CBF80040B9F1000F06D0FFF77FFE0221BE
:100A10000160C81EBDE8F09F48EA0640FAE70028DA
:100A200001D000F001B8704701491820ABBEFEE7C5
:100A3000260002007546FFF749FFAE4605006946ED
:100A4000534620F00700854618B020B5FFF78CFC10
:100A5000BDE820404FF000064FF000074FF00008BF
:100A60004FF0000B21F00701AC46ACE8C009ACE840
:100A7000C009ACE8C009ACE8C0098D467047034620
:100A800040688C46002818BF88423CBF0346406837
:100A9000F8D318681844884207D00CF1030020F0FE
:100AA0000700001D411A521A0146081D0A60FFF78F
:100AB00060BE3A2800D2303820F02002412A01D30B
:100AC000A2F13700884201D34FF0FF30704710B5D4
:100AD0000446AFF300802046BDE81040FFF7CFBBCF
:100AE00070B505460C460A2000E06D1C00F018F8B1
:100AF00035B128780028F8D102E0641C00F010F825
:100B000014B120780028F8D1BDE870400A2000F028
:100B100007B810B500F00CF8BDE81040FFF77FBF34
:100B200008B569468DF800000320ABBE08BD7047CC
:100B300010B5012805D0002103A0FFF7D1FF012047
:100B400010BD09A1F8E7000053494752544D454DE7
:100B50003A204F7574206F662068656170206D655E
:100B60006D6F7279000000003A2048656170206D59
:100B7000656D6F727920636F727275707465640051
:100B80002DED068B88B0FE48007800F0010050B9CA
:100B9000FB4809F073F930B1FA48002180F82910B8
:100BA000F748AFF300800020F74908704860012043
:100BB000F44981F82500022081F8280000BFF3489D
:100BC00090ED000ADFEDF20A80EE201A9FEDF10AA7
:100BD00021EE000AF04880ED000AF048808A40F2D9
:100BE000AA51884209DDED48808A40F20E618842B0
:100BF00003DA40F2DC50E9498882E848C08A40F2D2
:100C0000AA51884209DDE548C08A40F20E61884257
:100C100003DA40F2DC50E149C882E048008A40F241
:100C2000AA51884227DDDD48008A40F20E618842E1
:100C300021DADA48408A40F2AA5188421BDDD748BF
:100C4000408A40F20E61884215DACF48007828B910
:100C50000CF0DAF8CC494860012008700CF0D4F8A8
:100C6000C9494968401A322809D340F2DC50CB49BF
:100C70000882488203E00020C349087048600122CE
:100C8000C749C84800680BF025FFC448008A48B926
:100C9000C248408A30B9C148808A18B9BF48C08A62
:100CA00000287DD0BD494989A1F57A700CF0A7FDD7
:100CB000B0F5C87F75DDB949498A40F2DC52501A57
:100CC0000CF0E2FF41EC1A0B9FEDB70B53EC102B2D
:100CD0000CF082FE41EC190B9FEDB50B53EC102B81
:100CE0000DF026F841EC180B0CF090FDA54948607A
:100CF000AA49098A40F2DC52501A0CF0C5FF41ECB7
:100D00001A0B9FEDA90B53EC102B0CF065FE41EC78
:100D1000190B9FEDA70B53EC102B0DF009F841ECCC
:100D2000180B0CF073FD974908609C49898AA1F261
:100D3000DC500CF0A9FF41EC1A0B9FED9B0B53EC20
:100D4000102B0CF049FE41EC190B9FED9B0B53EC63
:100D5000102B0CF0EDFF41EC180B0CF057FD8949FE
:100D600048618E49C98AA1F2DC500CF08DFF41EC3C
:100D70001A0B9FED8D0B53EC102B0CF02DFE41EC5C
:100D8000190B9FED8F0B53EC102B0CF0D1FF41ECA6
:100D9000180B0CF03BFD7B498861091D081F01E021
:100DA000E3E1C3E106F096FB7C494989A1F2DC50FE
:100DB0000CF025FD32287CDA0220724981F82000EF
:100DC0008148007800F0010050B97F4809F056F8DA
:100DD00030B17E48002180F829107B48AFF30080B5
:100DE0006E49C989A1F57A700CF009FD322849DAFB
:100DF0006A498989A1F57A700CF001FD32280ADA76
:100E00000120604981F82100022081F82800062095
:100E100081F8220036E061498989A1F2DC500CF0AA
:100E2000EEFC322816DA574814309FED690A06F0B6
:100E3000E3FA0420534981F82100644890F828001F
:100E4000012802D0002081F8280006204D4981F8B1
:100E5000220017E051498989A1F5FA600CF0CFFC16
:100E600032280FDA474814309FED590A06F0C4FAC9
:100E70000420444981F82100012081F82800052040
:100E800081F822002A223F495048FFF769FB434975
:100E90000989A1F57A700CF0B2FC322833DA01200E
:100EA000384981F82500002081F826003B49C9898E
:100EB00000E08FE0A1F57A700CF0A1FC322804DA92
:100EC0000020304981F8270047E13449C989A1F55C
:100ED000FA600CF094FC3228F6DA30498989A1F5E1
:100EE0007A700CF08CFC3228EEDA264814309FED34
:100EF000380A06F081FA0120224981F827000220F1
:100F000081F8210029E125490989A1F5FA600CF051
:100F100076FC3228D8DA2149C989A1F57A700CF01B
:100F20006EFC32280CDA1D498989A1F57A700CF023
:100F300066FC322804DA0120124981F8210019E008
:100F40001649C989A1F5FA600CF059FC322811DA6A
:100F500012498989A1F57A700CF051FC322809DA1E
:100F60000220084981F82100042081F82200012094
:100F700081F826000020034981F82500EDE00000FB
:100F8000180300207C5C0020FC0200206802002086
:100F9000DB0F49400000344314030020B8590020FF
:100FA0001C030020B00200200000000000407F4031
:100FB0009A99999999990D40000000000000044009
:100FC000000000000000004028030020A85C002072
:100FD000000000006E494989A1F5FA600CF00FFC91
:100FE00032288FDA03206B4981F82200012081F832
:100FF000200067490989A1F5FA600CF000FC32284D
:101000000CDA0520634981F8210001F11400F1EEAA
:10101000040AB1EE040A06F075F90BE05C4909898F
:10102000A1F57A700CF0EBFB322803DA0220594963
:1010300081F821000120574981F825005449898908
:10104000A1F57A700CF0DBFB322806DA002051495A
:1010500081F8230081F824001DE04D498989A1F21F
:10106000DC500CF0CCFB322807DA0120494981F82A
:101070002300002081F824000DE045498989A1F56D
:10108000FA600CF0BCFB322805DA0120414981F8F6
:10109000230081F824003E49C989A1F5FA600CF0CB
:1010A000AEFB32283ADA3A49C98AA1F2DC500CF098
:1010B000A6FBFA2803DA0020374908702EE03449ED
:1010C000C98AA1F29E700CF09AFB32280FDA3248DE
:1010D000007818BB314890ED000ADFED310A30EEA0
:1010E000200A80ED000A01202B49087016E02849EB
:1010F000C98AA1F21A400CF082FB32280EDA264887
:10110000007858B9254890ED000ADFED250A30EE49
:10111000600A80ED000A01201F49087000230122A7
:101120001E49204800680BF083FB16E00020194997
:1011300081F8200081F8210081F8220081F8230045
:1011400081F82400012081F82500002081F8260084
:1011500081F82700022081F8280000231A460D4953
:10116000114800680BF064FB0EE020216846FFF791
:1011700031FA20220D496846FFF7F2F9202269462C
:101180000448FFF7EDF900BF012009F04CFF16E518
:10119000B85900207C5C002024030020200300209C
:1011A000CDCC4C3DB40200209402002094E3000812
:1011B00010B500221146044804F062FD05F03CFF22
:1011C000024808F077FD10BD28050020FD1B00082F
:1011D00000BFFEE710B5024800F04EFF10BD000052
:1011E0009003002010B50446A06800283AD120687A
:1011F000A0F20120082834D2DFE800F0040A1133FD
:10120000181E252C04F11C01174806F0C2FB28E02B
:1012100004F11C0114482C3006F0BBFB21E004F162
:101220001C011148583006F0B4FB1AE004F11C010F
:101230000E4806F0AEFB14E004F11C010B482C3004
:1012400006F0A7FB0DE004F11C010848583006F039
:10125000A0FB06E004F11C010448843006F099FB71
:1012600000BF00BF10BD0000A05F0020786200201A
:101270001FB500BF4FF0FF3269460B4800680BF006
:1012800029FC0128F6D100BF084800F0DAFEC4B2FC
:10129000002CF9D09DF80C30029881B26A460348C0
:1012A00009F07CFEE6E700008002002090030020A9
:1012B00010B5024800F0E0FE10BD000090030020D1
:1012C00010B5024800F0D8FE10BD0000B8030020A1
:1012D00010B50446A06804280DD12146064807F041
:1012E0001BFC21460448383007F016FC2146024812
:1012F000703007F011FC10BD286300201FB500BF3F
:101300004FF0FF3269460B4800680BF0E3FB012801
:10131000F6D100BF00BF084800F093FEC4B2002C15
:10132000F9D09DF80C306A460348029909F018FE7E
:10133000E6E7000084020020B803002010B5024850
:1013400000F09AFE10BD0000B8030020F0B58BB08D
:1013500007460C4615461E4604F0020080B1E8041C
:101360000190E80004F0030140EA41000290F0041B
:101370000390F00004F0030140EA4100049009E00A
:1013800068010190A007400F029070010390A00730
:10139000400F0490E0100690C4F3800005900120F7
:1013A000099000200790012008900E200A9001A9C2
:1013B000384600F0EBFC08B100F01AFC0BB0F0BDB1
:1013C00070B504460D46204601F057F908B100F00B
:1013D0000FFC0121204600F01FFC08B100F008FCC2
:1013E0000221204600F018FC08B100F001FC102199
:1013F000204600F011FC08B100F0FAFB0849206813
:10140000884203D107480560002070BD0649206866
:10141000884203D1054805600020F6E70120F4E783
:1014200000640040BC00002000680040C0000020B4
:101430002DED048B8EB000200D9000230122FD497C
:10144000FD4800680BF0F4F900BF0122FB49FC489D
:1014500000680BF03FFB012878D1F84890F8210094
:1014600001280BD11422F5490C316846FFF778F8B2
:10147000F2480EC8F34806F095FDEAE0EF4890F810
:10148000210003280ED1202105A8FFF7A3F814227C
:1014900008A96846FFF764F8EA4805A90EC906F0EE
:1014A00081FDD6E0E54890F8210002283BD1E348D1
:1014B00090ED000A10EE101A08460CF021FE41ECE7
:1014C000190B9FEDE10B53EC102B0CF031FC41ECB0
:1014D000180B0CF09BF9D9490860084690ED010AF9
:1014E00010EE101A08460CF00BFE41EC190B9FEDA4
:1014F000D60B53EC102B0CF01BFC41EC180B0CF032
:1015000085F9CE494860084690ED050A80ED050A48
:1015100014220C316846FFF723F8C8480EC8C948A2
:1015200006F040FD95E0C54890F8210078B92021EB
:1015300005A8FFF74FF8142208A96846FFF710F82E
:10154000C04805A90EC906F02DFD82E0D7E1BB48D1
:1015500090F82100052831D1B84890ED000A10EE2E
:10156000101A08460CF0CCFD41EC190B9FEDB80B9E
:1015700053EC102B0CF0DCFB41EC180B0CF046F993
:10158000AE490860084690ED010A10EE101A0846B0
:101590000CF0B6FD41EC190B9FEDAD0B53EC102B8D
:1015A0000CF0C6FB41EC180B0CF030F9A349486075
:1015B000084690ED050A80ED050A4AE09F4890F83C
:1015C0002100042836D19D4890ED000A10EE101A33
:1015D00008460CF095FD41EC190B9FED9D0B53EC6B
:1015E000102B0CF0A5FB41EC180B0CF00FF99349F4
:1015F0000860084690ED010A10EE101A08460CF03B
:101600007FFD41EC190B9FED920B53EC102B0CF06E
:101610008FFB41EC180B0CF0F9F888494860142254
:101620000C316846FEF79CFF84480EC8854806F0DA
:10163000B9FC0EE0202105A8FEF7CCFF142208A972
:101640006846FEF78DFF7F4805A90EC906F0AAFC83
:1016500000BF7A4890F82200022805D19FED7E0A4B
:101660007E4807F0CFFC4CE0744890F82200032835
:1016700005D19FED790A794807F0C4FC41E06F4835
:1016800090F82200042805D19FED750A734807F0F1
:10169000B9FC36E0694890F8220028B99FED6E0A3F
:1016A0006E4807F0AFFC2CE0644890F82200012857
:1016B0000CD16A48083090ED050A6A4880ED000AAE
:1016C00090ED000A654807F09DFC1AE05B4890F831
:1016D0002200052805D19FED640A604807F092FCBE
:1016E0000FE0564890F82200062805D19FED5A0ACF
:1016F0005A4807F087FC04E09FED570A574807F067
:1017000081FC4E4890F82000012833D14B4890F8D6
:10171000230050B99FED500A002211464F4807F0B0
:10172000E3FC00205149087058E0444890F8230039
:10173000012853D1414890F8240068B94C48D0EDB5
:10174000020AB0EE600A01220021444807F0CCFCF6
:1017500000204649087041E04548D0ED020AB0EE4D
:10176000600A012211463D4807F0BEFC01203F49B6
:10177000087033E0314890F8200002282ED12F481D
:1017800090F82800022807D13A4890ED000A00227C
:101790001146324807F036FE284890F8280040B934
:1017A000344890ED000A002201212C4807F02AFE5F
:1017B00014E0224890F82800012807D19FED260A5E
:1017C00001220021254807F01DFE07E0294890ED81
:1017D000000A00221146214807F014FE174890F82D
:1017E0002500012806D19FED240A00211B4807F09F
:1017F00035FB10E0114890F8250030B99FED1E0A26
:101800000121164807F02AFB05E09FED1B0A002185
:10181000124807F023FB094890F8270001282FD130
:101820000D90002301220DA9144800680BF000F868
:101830005DE000003C030020AC0200204068002076
:1018400094020020485F0020333333333333D33FD7
:10185000666666666666E63F00000000706200200D
:1018600000402F446803002000002F445C03002048
:10187000986800204003002000609FC5A802002057
:10188000214890F8270048BB1F4890F82400012801
:1018900024D11E4890ED000A0BF0A4FF10EE104A70
:1018A00020460CF02DFC41EC180B9FED190B53EC6E
:1018B000102B0CF001FA11D2134890F821000528E2
:1018C0000CD11548007848B902200D900023012260
:1018D0000DA9124800680AF0ABFF08E000200D9047
:1018E000002301220DA90D4800680AF0A1FF0C4851
:1018F00006F050F90B4807F0D9FF05F049FB01202D
:1019000009F091FBA1E5000040680020680200207A
:10191000000000000000004048030020A802002052
:10192000485F00207062002010B5024800F046FFBA
:1019300010BD00001809002010B5024800F03EFF5D
:1019400010BD0000D806002010B5024800F036FF98
:1019500010BD00007809002010B5024800F02EFFED
:1019600010BD00003807002010B5024800F026FF27
:1019700010BD00005808002010B5024800F01EFFFE
:1019800010BD0000B808002010B5024800F016FF96
:1019900010BD0000D809002010B5024800F00EFF6D
:1019A00010BD0000F807002010B5024800F006FF47
:1019B00010BD00003804002010B5024800F0FEFE03
:1019C00010BD0000380A002010B5024800F0F6FEF5
:1019D00010BD000098070020014608781038182331
:1019E000B0FBF3F20848805CC865032A05D9086893
:1019F0006FF30900001D886503E008686FF30900B4
:101A00008865886D7047000060E30008014600208B
:101A10008A6A8B69CBB932B1012A0DD0022A03D070
:101A2000032A10D10EE000BFCB6A03F08073B3F13C
:101A3000807F00D1012007E0CB6AB3F1C07F00D1E5
:101A4000012001E000E000BF34E08B69B3F5005FE6
:101A50001AD132B1012A07D0022A03D0032A11D1A8
:101A60000AE000BF01200EE0CB6A03F08073B3F1FF
:101A7000807F00D1012006E0CB6AB3F1C07F00D1A6
:101A8000012000E000BF15E032B1012A05D0022A92
:101A900004D0032A0CD103E000BF00BF012008E0FE
:101AA000CB6A03F08073B3F1807F00D1012000E0A6
:101AB00000BF00BF704730B50468246824F4802458
:101AC00005682C60046863608468402C04D1046855
:101AD000A2600468E16003E00468A1600468E26059
:101AE00030BD000010B50022102108200AF0B6FD1C
:101AF0002E4908600022102108200AF0AFFD2C4971
:101B0000086000220C2104200AF0A8FD2949086081
:101B100000220C2104200AF0A1FD274908600022C0
:101B2000202104200AF09AFD2449086000222C217B
:101B300004200AF093FD22490860002204210220BB
:101B40000AF08CFD1F4908600022012108460AF0B6
:101B500085FD1D49086000220F2101200AF07EFD4D
:101B60001A49086000220F2101200AF077FD184968
:101B700008600022012104200AF070FD1549086068
:101B80000022012114200AF069FD13490860002297
:101B9000012110200AF062FD104908600022042192
:101BA00010200AF05BFD0E49086010BD8002002085
:101BB00084020020880200208C0200209002002075
:101BC0009402002098020020A40200209C02002021
:101BD000A0020020A8020020AC020020B0020020D9
:101BE000B4020020704710B5802000F0D1FF10BD76
:101BF00072B600BFFEE700BFFEE7000004480068C1
:101C00000068406A03490968C1EB01410844704714
:101C1000C8000020C400002010B5024692F8203011
:101C2000012B01D0022B06D11068406908431468CB
:101C30006061002010BD506A40F480205062012095
:101C4000F8E7F0B504460D461E4694F8207020686B
:101C50008368A86800B900E000BF012F01D0022FFF
:101C60007DD103F0806030B903F0006018B903F053
:101C7000805000287ED0C3F301610120884030608D
:101C8000A86860B9B5F800C0E86840EA4C5C206814
:101C900000F5C07000EB0110C0F800C00FE0D5E9FE
:101CA00001C040EACC00D5F80CC040EA0C00D4F8E2
:101CB00000C00CF5C07C0CEB011CCCF80000D5F882
:101CC00010C0206800F5C07000EB0110C0F804C01F
:101CD000287D01280ED1206800F5C07000EB0110AE
:101CE000406840F4807C206800F5C07000EB011073
:101CF000C0F804C0D079000692F806C040EA0C4053
:101D000092F805C040EA0C2092F804C040EA0C00AA
:101D1000D4F800C00CF5C07C0CEB011CCCF80C0016
:101D2000D078000692F802C040EA0C4092F801C058
:101D300040EA0C2092F800C040EA0C00D4F800C041
:101D40000CF5C07C0CEB011CCCF80800206800F5F9
:101D5000C07000EB0110006840F0010C01E00FE0E2
:101D600008E0206800F5C07000EB0110C0F800C06A
:101D70000020F0BD606A40F4001060620120F8E7C6
:101D8000606A40F4802060620120F2E7F0B504460A
:101D90000A4694F82050012D01D0022D7ED14249EF
:101DA00001F50071086840F001000860086820F43F
:101DB0007C5008600868566A40EA06200860107D7A
:101DC00000F01F06012000FA06F3C8699843C861B5
:101DD000A1F50071D069C8B9D1F80C029843C1F8D7
:101DE0000C02908880B2968940EA064601F5107090
:101DF000576940F83760108880B2168940EA064675
:101E000001F51070576900EBC7004660D0690128E2
:101E100019D1D1F80C021843C1F80C02908880B295
:101E2000168840EA064601F51070576940F8376099
:101E3000908980B2168940EA064601F5107057690C
:101E400000EBC7004660906928B9D1F804029843B6
:101E5000C1F8040204E0D1F804021843C1F80402F6
:101E6000106928B9D1F814029843C1F8140204E0AB
:101E7000D1F814021843C1F81402106A012804D1E1
:101E8000D1F81C021843C1F81C02D1F8000220F05E
:101E90000100C1F800020020F0BDFFE7606A40F4D5
:101EA000802060620120F7E700640040704770B551
:101EB000044694F82050012D01D0022D7DD151B956
:101EC0002068C06800F0030080B9606A40F4001028
:101ED0006062012070BD2068006900F0030028B92D
:101EE000606A40F4001060620120F3E7206800F5AA
:101EF000D87000EB0110006800F00400906090685A
:101F000040B9206800F5D87000EB01100068400D62
:101F1000106007E0206800F5D87000EB0110006841
:101F2000C0085060206800F5D87000EB0110006810
:101F300000F00200D060206800F5D87000EB0110BE
:101F4000406800F00F00082802D30820106108E064
:101F5000206800F5D87000EB0110406800F00F0019
:101F60001061206800F5D87000EB0110406800F4A3
:101F70007F40000A9061206800F5D87000EB0110E6
:101F80004068000C5061206800F5D87000EB01102B
:101F900080681870206800F5D87000EB0110806828
:101FA00000F47F40000A5870206800F5D87000EBFC
:101FB0000110806800F47F0000E03CE0000C9870A5
:101FC000206800F5D87000EB01108068000ED87012
:101FD000206800F5D87000EB0110C0681871206807
:101FE00000F5D87000EB0110C06800F47F40000AD3
:101FF0005871206800F5D87000EB0110C06800F43B
:102000007F00000C9871206800F5D87000EB01107B
:10201000C068000ED87131B92068C06840F0200057
:102020002668F06005E02068006940F0200026681E
:10203000306100204EE7606A40F480206062012039
:1020400048E70146002091F82020012A01D0022A09
:1020500011D10B689B6803F0806303B1401C0B68CF
:102060009B6803F0006303B1401C0B689B6803F09E
:10207000805303B1401C70472DE9F05F04460025F2
:10208000206846692068D0F8049020688768206836
:10209000D0F80CA02068D0F810B02068D0F81880D4
:1020A00006F00100002855D007F00100C0B1012062
:1020B0002168886007F0020018B1204600F00DFB8F
:1020C0000EE007F0040010B145F4006508E007F0E9
:1020D000080010B145F4805502E0204600F0FCFAFB
:1020E00007F48070C8B14FF480702168886007F4ED
:1020F000007018B1204600F0F2FA0EE007F480609C
:1021000010B145F4005508E007F4006010B145F443
:10211000804502E0204600F0E1FA07F48030C8B1C3
:102120004FF480302168886007F4003018B12046F1
:1021300000F0D7FA0EE007F4802010B145F4004516
:1021400008E007F4002010B145F4803502E0204695
:1021500000F0C6FA06F0080038B10AF0100020B10D
:1021600045F4007510202168C86006F0040040B1F5
:102170000AF0080028B108202168C860204600F055
:102180001FFA06F0020038B12068C06800F00300B2
:1021900010B1204600F016FA06F0400038B10BF0FE
:1021A000100020B145F4806510202168086106F018
:1021B000200040B10BF0080028B108202168086118
:1021C000204600F02BFA06F0100038B120680069B4
:1021D00000F0030010B1204600F022FA06F40030AF
:1021E00040B109F0100028B1102021684860204655
:1021F00000F042FA06F4803040B109F0080028B13E
:10220000082021684860204600F06CFA06F400407F
:1022100088B309F0040078B306F4807020B108F0A8
:10222000010008B145F0010506F4007020B108F086
:10223000020008B145F0020506F4806020B108F004
:10224000040008B145F0040506F40060A0B108F0F0
:10225000700088B108F07000402817D006DC102804
:102260000BD020280CD0302819D10CE0502810D0E9
:10227000602814D110E01DE019E045F008050FE0DA
:1022800045F010050CE045F0200509E045F040055B
:1022900006E045F0800503E045F4807500E000BFEE
:1022A00000BF2068806920F07000216888610420E8
:1022B000216848602DB1606A284360622046FFF7BC
:1022C000F5FDBDE8F09F70B504460CB9012070BD66
:1022D00094F8200010B9204600F0B0F8206800689B
:1022E00040F001002168086000F060FD05460DE047
:1022F00000F05CFD401B0A2808D9606A40F40030F9
:102300006062052084F820000120E0E72068406832
:1023100000F001000028EBD02068006820F00200E7
:102320002168086000F042FD05460DE000F03EFD2A
:10233000401B0A2808D9606A40F40030606205201A
:1023400084F820000120C2E72068406800F0020005
:102350000028EBD1207E012806D12068006840F0DB
:1023600080002168086005E02068006820F0800097
:1023700021680860607E012806D12068006840F06E
:1023800040002168086005E02068006820F04000F7
:1023900021680860A07E012806D12068006840F00E
:1023A00020002168086005E02068006820F0200017
:1023B00021680860E07E012806D12068006820F0CE
:1023C00010002168086005E02068006840F01000F7
:1023D00021680860207F012806D12068006840F04D
:1023E00008002168086005E02068006820F0080007
:1023F00021680860607F012806D12068006840F0ED
:1024000004002168086005E02068006820F00400EE
:1024100021680860D4E90201084321690843616921
:1024200008436168491E08432168C8610020606252
:10243000012084F82000002049E7000010B586B094
:102440000446142101A8FEF7C5F8574920688842C0
:1024500049D156480068401C544908600846006845
:1024600001280FD100BF002000905148006840F0C3
:1024700000704F4908600846006800F00070009046
:1024800000BF00BF00BF002000904948103800681E
:1024900040F008004649103908600846006800F01E
:1024A0000800009000BF00BF0320019002200290AE
:1024B00000200390032004900920059001A93D48C5
:1024C00000F074FB00220521132000F037FD1320DB
:1024D00000F020FD00220521142000F02FFD142023
:1024E00000F018FD5DE034492068884259D100BFF2
:1024F000002000902E48006840F080602C49086061
:102500000846006800F08060009000BF00BF2748C8
:102510000068401C254908600846006801280FD162
:1025200000BF002000902248006840F00070204961
:1025300008600846006800F00070009000BF00BF0F
:1025400000BF002000901A481038006840F00200D8
:102550001749103908600846006800F00200009032
:1025600000BF00BF4FF440500190022002900020B5
:102570000390032004900920059001A90F4800F062
:1025800015FB002205213F2000F0D8FC3F2000F081
:10259000C1FC00220521402000F0D0FC402000F0CA
:1025A000B9FC06B010BD0000006400402800002007
:1025B00040380240000C0240006800400004024025
:1025C0007047000010B504460F4884420BD10F4BF2
:1025D000A3F11C0200212046FFF769FC0B481C38C0
:1025E0000B49096888470B4884420BD1074BA3F17C
:1025F0001C0200212046FFF75AFC04481C380649FB
:102600000968884710BD000090030020F0530020A7
:10261000BC000020B8030020C0000020704700006C
:1026200010B504460F4884420BD10F4BA3F11C0296
:1026300001212046FFF73BFC0B481C380B49096879
:1026400088470B4884420BD1074BA3F11C020121A0
:102650002046FFF72CFC04481C38064909688847C7
:1026600010BD00009003002014540020BC00002086
:10267000B8030020C0000020704770B5044694F8ED
:102680002000012822D1022084F820002068006860
:1026900020F001002168086000F088FB05460DE08D
:1026A00000F084FB401B0A2808D9606A40F400301F
:1026B0006062052084F82000012070BD2068406819
:1026C00000F001000028EBD16062F6E7606A40F498
:1026D000002060620120F0E7704770477047704744
:1026E00070477047704770B50446A56D00F05EFBFB
:1026F000064694F83500022808D08020606500BFA7
:10270000002084F8340000BF012070BD20680068FC
:1027100020F01600216808602068406920F08000E1
:1027200021684861206C08B9A06C28B12068006855
:1027300020F00800216808602068006820F001008F
:102740002168086010E000F031FB801B05280BD9E0
:1027500020206065032084F8350000BF002084F845
:10276000340000BF0320D0E72068006800F00100BB
:102770000028E8D194F85C103F208840A860012030
:1027800084F8350000BF002084F8340000BF00BF8B
:10279000BBE7014691F83500022803D08020486548
:1027A00001207047052081F835000868006820F096
:1027B00001000A6810600020F3E70000F8B5044645
:1027C000002000908C4800684FF41651B0FBF1F7E0
:1027D000A56D2E6894F85C1008208840304098B1B0
:1027E0002068006800F0040070B12068006820F0E4
:1027F00004002168086094F85C1008208840A860F4
:10280000606D40F00100606594F85C100120884024
:10281000304068B12068406900F0800040B194F811
:102820005C1001208840A860606D40F00200606587
:1028300094F85C1004208840304068B1206800683B
:1028400000F0020040B194F85C1004208840A860B9
:10285000606D40F00400606594F85C1010208840C2
:10286000304078B32068006800F0080050B394F856
:102870005C1010208840A8602068006800F4802068
:1028800080B12068006800F4002028B9206CC8B12D
:102890002046216C884715E0A06C98B12046A16CB9
:1028A00088470FE02068006800F4807028B920682D
:1028B000006820F0080021680860206C10B12046F4
:1028C000216C884794F85C10202088403040002814
:1028D00065D02068006800F0100000285FD094F8F0
:1028E0005C1020208840A86094F83500052828D185
:1028F0002068006820F016002168086020684069A0
:1029000020F0800021684861206C08B9A06C28B1D3
:102910002068006820F008002168086094F85C10C6
:102920003F208840A860012084F8350000BF0020C7
:1029300084F8340000BF206D10B12046216D884717
:10294000F8BD2068006800F4802080B1206800682D
:1029500000F4002028B9606C10B12046616C8847F3
:102960001DE0E06BD8B12046E16B884717E0206896
:10297000006800F4807068B92068006820F01000DA
:1029800021680860012084F8350000BF002084F829
:10299000340000BFE06B10B12046E16B8847606DEA
:1029A00038B3606D00F00100F0B1052084F8350007
:1029B0002068006820F001002168086000BF0098CE
:1029C000401C0090B84200D905E02068006800F083
:1029D00001000028F3D100BF012084F8350000BFBA
:1029E000002084F8340000BFE06C10B12046E16C98
:1029F000884700BFA4E70000380000202DE9F0411F
:102A00000446002500F0D2F9074614B90120BDE8BC
:102A1000F081606A00B100BF022084F8350000BF79
:102A2000002084F8340000BF2068006820F0010016
:102A3000216808600AE000F0B9F9C01B052805D933
:102A400020206065032084F83500E0E720680068F6
:102A500000F001000028EED12068056821480540FB
:102A6000D4E901010843E168084321690843616929
:102A70000843A1690843E1690843216A0843054303
:102A8000606A042803D1D4E90B0108430543206898
:102A900005602068456925F00705606A0543606A9E
:102AA00004280DD1A06A0543E06A48B12046FEF72C
:102AB000ADFF28B140206065012084F83500A6E70D
:102AC000206845612046FEF787FF064694F85C10B3
:102AD0003F208840B06000206065012084F8350008
:102AE000002094E73F8010F02DE9F04704460D46A2
:102AF00016461F464FF00008D4F8589000BF94F8CF
:102B00003400012802D10220BDE8F087012084F8BA
:102B1000340000BF94F83500012825D1022084F844
:102B20003500002060653B46324629462046FEF7C8
:102B3000C2FF94F85C103F208840C9F80800206864
:102B4000006840F0160021680860206C28B12068F9
:102B5000006840F00800216808602068006840F0C4
:102B600001002168086006E000BF002084F83400FE
:102B700000BF4FF002084046C6E7000010B504460B
:102B800080222146014806F005F910BDB859002001
:102B900010B5044604480068204020B10248046093
:102BA0002046FFF7EBFF10BD143C0140F8B502468C
:102BB0000B460025002400200021D6E0012606FA5D
:102BC00001F51E6806EA0504AC4274D11E7906F0D0
:102BD0000306012E04D01E7906F00306022E13D13F
:102BE00090684F000326BE40B0434F00DE68BE40F1
:102BF00030439060506801268E40B0431E79C6F382
:102C000000168E40304350601E7906F00306032EF6
:102C100009D0D0684F000326BE40B0434F009E68E5
:102C2000BE403043D0601E7906F00306022E13D159
:102C3000CF0802F1200656F827004E07F70E0F26A0
:102C4000BE40B0434F07FF0E1E69BE403043CF0861
:102C500002F1200646F8270010684F000326BE4008
:102C6000B0431E7906F003064F00BE4030431060AB
:102C70005E6806F44036002E76D000BF002600962F
:102C80003C4E366846F480463A4F3E603E463668D3
:102C900006F48046009600BF00BF374E8F0856F8F6
:102CA00027008E07370F0F26BE40B043334EB24287
:102CB00002D1002624E057E0314EB24201D1012674
:102CC0001EE0304EB24201D1022619E02E4EB24231
:102CD00001D1032614E02D4EB24201D104260FE0AB
:102CE0002B4EB24201D105260AE02A4EB24201D152
:102CF000062605E0284EB24201D1072600E008264C
:102D00008F073F0FBE4030431B4E8F0846F8270009
:102D1000224E3068A0435E6806F4801606B1204358
:102D20001E4E3060361D3068A0435E6806F4001603
:102D300006B12043194E361D3060184E361F3068DC
:102D4000A0435E6806F4003606B12043134E361FDA
:102D50003060361F3068A0435E6806F4803606B1E6
:102D600020430E4E083E3060491C1029FFF426AF68
:102D7000F8BD00004438024008380140000002401D
:102D80000004024000080240000C02400010024013
:102D90000014024000180240001C0240083C0140A0
:102DA0000AB1816101E00B0483617047014800684A
:102DB000704700002C000020034800680349097890
:102DC00008440149086070472C00002034000020AE
:102DD00010B50D48006840F400700B4908600846C3
:102DE000006840F4806008600846006840F4807025
:102DF0000860032000F0E0F80F2000F007F800F072
:102E00005FF8002010BD0000003C02402DE9F041B9
:102E100088B004460027B84600BF00200190234830
:102E2000006840F00200214908600846006800F090
:102E30000200019000BF00BF02A903A800F092F9B0
:102E4000069F1FB900F0B6F9054602E000F0B2F99E
:102E500045001748B5FBF0F0A0F1010815481649E8
:102E6000086040F2E7311448C160C0F804800021D6
:102E700001618160816100F00BFE064696B90E4843
:102E800000F096FE06466EB91D2000F043F8102CA7
:102E900007D2002221461D2000F050F807480460A8
:102EA00000E00126304608B0BDE8F081403802401D
:102EB00040420F0000040040980A0020300000202B
:102EC00008B500BF002000901148006840F4804021
:102ED0000F4908600846006800F48040009000BF79
:102EE00000BF00BF00200090081F006840F0805025
:102EF000091F08600846006800F08050009000BF7D
:102F000000BF00220F21901E00F018F808BD00003D
:102F1000443802400146084600280DDB00BF00BFD0
:102F200000F01F0301229A4043099B0003F1E023B4
:102F3000C3F8002100BF00BF00BF70472DE9F05F5C
:102F400080460D461646002706F06AFF07463946BA
:102F50002A46334601F00700C0F1070ABAF1040F10
:102F600002D94FF0040A01E0C0F1070AD14600F18E
:102F7000040ABAF1070F02D24FF0000A01E0A0F1F3
:102F8000030AD4464FF0010A0AFA09FAAAF1010A23
:102F90000AEA020A0AFA0CFA4FF0010B0BFA0CFBD0
:102FA000ABF1010B0BEA030B4AEA0B042146404646
:102FB00006F03EFFBDE8F09F00BF00F00702064BA1
:102FC00019684FF6FF031940044B0B4343EA0221F3
:102FD000014B196000BF70470CED00E00000FA05DE
:102FE00070B504460D460CB9012070BD5848006804
:102FF00000F00700A84209D255490D700846006844
:1030000000F00700A84201D00120EEE7207800F090
:10301000020002281DD1207800F00400042805D108
:103020004C48006840F4E0504A490860207800F0BD
:103030000800082805D14748006840F46040454929
:1030400008604448006820F0F000A1680843414946
:103050000860207800F00100A8B36068012807D15B
:103060003C4808380068C0F34040B8B90120BCE7CC
:103070006068022802D06068032807D13548083804
:103080000068C0F3406048B90120AEE73148083815
:103090000068C0F3400008B90120A6E72D48006889
:1030A00020F00300616808432A490860FFF77EFEAC
:1030B000064609E0FFF77AFE801B41F2883188421C
:1030C00002D9032091E707E02248006800F00C00D5
:1030D0006168B0EB810FEDD11D48006800F007007A
:1030E000A84209D91A490D700846006800F0070087
:1030F000A84201D0012078E7207800F004000428DD
:1031000007D11448006820F4E050E16808431149F1
:103110000860207800F00800082808D10D480068F1
:1031200020F46040216940EAC1000A49086000F0CB
:1031300061F808490968C1F30311074A515CC840A6
:103140000649086006480068FFF760FE00204CE76B
:10315000003C02400838024068E3000838000020C4
:10316000300000200F2202600D4A126802F00302B4
:1031700042600B4A126802F0F0028260084A12684C
:1031800002F4E052C260064A126802F46042D208B9
:103190000261044A126802F007020A6070470000E8
:1031A00008380240003C02400148006870470000B7
:1031B0003800002000B5FFF7F7FF04490968C1F3A4
:1031C0008221034A515CC84000BD0000083802401B
:1031D00078E3000800B5FFF7E7FF04490968C1F389
:1031E0004231034A515CC84000BD0000083802402B
:1031F00078E300082DE9F047002400250026A146C9
:103200002548006800F00C0020B1042805D00828EB
:103210003AD105E0DFF8849039E0DFF8849036E0B9
:103220001D48001F006800F03F041B48001F006895
:1032300000F4800078B11A481749091F0968C1F3E2
:103240008811A0FB01700146224600233846FDF795
:103250009DF805460EE011480F49091F0968C1F3A2
:103260008811A0FB01700146224600233846FDF775
:103270008DF805460848001F0068C0F30140401C57
:103280004600B5FBF6F902E0DFF8109000BF00BF82
:103290004846BDE8F0870000083802400024F400EA
:1032A00000127A00F8B504460CB90120F8BD207868
:1032B00000F00100002874D0F948006800F00C000C
:1032C00004280DD0F648006800F00C00082813D13F
:1032D000F348001F006800F48000B0F5800F0BD1A8
:1032E000EF4808380068C0F34040002859D06068B3
:1032F000002856D10120D9E700BF6068B0F5803FB3
:1033000008D1E7480838006840F48030E4490839BB
:1033100008601EE06068B0F5A02F0DD1E0480838C5
:10332000006840F48020DE490839086008460068DB
:1033300040F4803008600CE0D9480838006820F478
:103340008030D749083908600846006820F480209A
:10335000086000BF606890B1FFF728FD054606E0F1
:10336000FFF724FD401B642801D903209EE7CC48C9
:1033700008380068C0F340400028F1D011E0FFF7A2
:1033800015FD054606E0FFF711FD401B642801D935
:1033900003208BE7C24808380068C0F3404000288B
:1033A000F1D1207800F0020002285FD1BC4800680B
:1033B00000F00C0058B1BA48006800F00C00082872
:1033C0001CD1B748001F006800F48000B0B9B448B1
:1033D00008380068C0F3400020B1E068012801D03F
:1033E000012063E7AE480838006820F0F800216942
:1033F00040EAC100AA490839086037E0E06800B334
:103400000120A8490860FFF7D1FC054606E0FFF758
:10341000CDFC401B022801D9032047E7A04808380B
:103420000068C0F340000028F1D09D4808380068CB
:1034300020F0F800216940EAC10099490839086084
:1034400014E0002097490860FFF7B0FC054606E04D
:10345000FFF7ACFC401B022801D9032026E7904867
:1034600008380068C0F340000028F1D1207800F04F
:10347000080008282CD16069A8B101208A49086099
:10348000FFF794FC054606E0FFF790FC401B02287E
:1034900001D903200AE782486C300068C0F340007D
:1034A0000028F1D014E000207F490860FFF77EFC7F
:1034B000054606E0FFF77AFC401B022801D90320ED
:1034C000F4E677486C300068C0F340000028F1D182
:1034D000207800F00400042870D1002770483830AC
:1034E000006800F0805090B900BF002000906C4848
:1034F0003830006840F0805069493831086008462B
:10350000006800F08050009000BF00BF01276748AE
:10351000006800F48070B0B96448006840F48070BE
:1035200062490860FFF742FC054606E0FFF73EFCF3
:10353000401B022801D90320B8E65C48006800F46B
:1035400080700028F2D000BFA068012808D154483C
:103550006830006840F001005149683108601DE0A2
:10356000A06805280DD14E486830006840F004007E
:103570004B49683108600846006840F00100086067
:103580000CE047486830006820F001004449683189
:1035900008600846006820F00400086000BFA068CA
:1035A000A8B1FFF703FC054609E0FFF7FFFB401B4E
:1035B00041F28831884202D9032077E626E0384874
:1035C00068300068C0F340000028EED013E0FFF739
:1035D000EDFB054608E0FFF7E9FB401B41F28831AF
:1035E000884201D9032061E62D4868300068C0F3A5
:1035F00040000028EFD1012F07D12948383000685A
:1036000020F0805026493831086000BFA0690028AA
:1036100045D02348006800F00C0008285DD0A06960
:10362000022845D100201F490866FFF7BFFB054669
:1036300006E0FFF7BBFB401B022801D9032035E65B
:10364000174808380068C0F340600028F1D1D4E979
:1036500007010843616A40EA81110122A06AC2EBB6
:10366000500041EA00412C20005D41EA00600C4915
:10367000091F086001200B490866FFF797FB054604
:1036800006E0FFF793FB401B022801D903200DE65B
:10369000034808380068C0F340600028F1D049E0D2
:1036A0000838024000004742800E47420070004048
:1036B000002021490866FFF779FB054606E0FFF781
:1036C00075FB401B022801D90320EFE51B48006869
:1036D000C0F340600028F2D12CE0A069012800D19D
:1036E000E4E51648001D0668A069012820D006F40C
:1036F0008001E06981421BD106F03F01206A8142CE
:1037000016D147F6C0703040616AB0EB811F0FD10F
:1037100006F440310122A06AC2EB5000B1EB004F29
:1037200006D106F070612C20005DB1EB006F01D076
:103730000120BBE50020B9E5000047420038024007
:10374000704710B504460CB9012010BD606A38B945
:103750006068B0F5827F00D105E00021E16102E000
:103760000021216161610021A16294F8510028B912
:10377000002084F85000204600F048F8022084F829
:1037800051002068006820F0400021680860A0888F
:1037900000F48270218901F404410843A18901F4F5
:1037A00000610843217C01F002010843217D01F002
:1037B00001010843218B01F400710843217F01F0CE
:1037C000380108432021095D01F080010843218D63
:1037D00001F400510843216808600421A06901EA4E
:1037E000104094F8241001F010010843216848604B
:1037F0002068C06920F400602168C861002060650D
:10380000012084F8510000209FE7000010B586B029
:103810000446142101A8FCF7DDFE2A4920688842ED
:103820004DD100BF002000902748006840F4805030
:10383000254908600846006800F48050009000BFE9
:1038400000BF00BF002000901F481438006840F0FF
:1038500001001D49143908600846006800F00100A5
:10386000009000BF00BFA020019002200290002025
:103870000390032004900520059001A91348FFF749
:1038800095F91348134908604FF0C0604860402123
:10389000104881600021C1604FF480610161002106
:1038A00041618161C16101624162FFF7A7F808B11E
:1038B000FEF79EF900BF0748A064846300BF06B00E
:1038C00010BD0000003001404438024000000240BA
:1038D00058640240380400202DE9F04104460E46A9
:1038E000154694F85100012802D00220BDE8F0816D
:1038F00006B10DB90120F9E700BF94F85000012886
:1039000001D10220F2E7012084F8500000BF03201B
:1039100084F85100002060652663A586E586A063D3
:1039200060642064A087E087A068B0F5004F0BD1E9
:103930002068006820F04000216808602068006866
:1039400040F48040216808601F48A16C08641F484B
:10395000A16CC8631E48A16CC8640020A16C0865F6
:10396000E38E276807F10C02216BA06CFFF7BCF80F
:1039700050B1606D40F01000606500BF002084F819
:10398000500000BF0120B1E72068006800F040004F
:10399000402805D02068006840F040002168086099
:1039A00000BF002084F8500000BF2068406840F04D
:1039B0002000216848602068406840F002002168CB
:1039C0004860002092E70000915A00089F5A0008C2
:1039D000695A0008704770477047704730B5024613
:1039E0000B4600BF92F83C00012801D1022030BDF7
:1039F000012082F83C0000BF022082F83D001068E0
:103A000044681068816824F07004186804431068E2
:103A10004460184D1068A8421BD01068B0F1804F68
:103A200017D0154D1068A84213D0144D1068A84245
:103A30000FD0134D1068A8420BD0124D1068A84249
:103A400007D0114D1068A84203D0104D1068A8424D
:103A500005D121F080015868014310688160012080
:103A600082F83D0000BF002082F83C0000BF00BF8C
:103A7000BDE70000000001400004004000080040D5
:103A8000000C0040000401400040014000180040CC
:103A900010B504460CB9012010BD94F83D0028B9BA
:103AA000002084F83C00204600F026F8022084F82C
:103AB0003D00211D206802F0B3FA012084F8460081
:103AC00000BF84F83E0001213F20015540200155F0
:103AD0004120015500BF00BF012084F8420043206F
:103AE0000155442001554520015500BF012084F8AF
:103AF0003D000020D0E7000038B504462849206882
:103B0000884218D100BF002000902648006840F08D
:103B10000400244908600846006800F00400009092
:103B200000BF00BF002205211E20FFF707FA1E205C
:103B3000FFF7F0F932E01C492068884218D100BF35
:103B4000002000901748006840F0100015490860F8
:103B50000846006800F01000009000BF00BF00227F
:103B600005213620FFF7EAF93620FFF7D3F915E0F3
:103B70000E492068884211D100BF002000900948FA
:103B8000001D006840F400300649091D0860084621
:103B9000006800F40030009000BF00BF38BD000096
:103BA000000800404038024000100040004401403E
:103BB000014691F83D00012801D001207047022004
:103BC00081F83D000868C06840F001000B68D860CB
:103BD0001A4B086898421BD00868B0F1804F17D084
:103BE000174B0868984213D0164B086898420FD0BC
:103BF000154B086898420BD0144B0868984207D0C0
:103C0000134B0868984203D0124B086898420CD1B5
:103C10000868806800F00702062A0CD0086800686F
:103C200040F001000B68186005E00868006840F08B
:103C300001000B6818600020C0E700000000014090
:103C40000004004000080040000C00400004014057
:103C500000400140001800402DE9F04104460D46A7
:103C6000002700BF94F83C00012802D10220BDE8E3
:103C7000F081012084F83C0000BF022084F83D0060
:103C80002068866826F0770626F47F4620688660DE
:103C90002868502833D00CDC202850D004DC0028C1
:103CA0004BD0102851D149E0302849D040284CD180
:103CB00039E060282DD0702807D0B0F5805F03D0A0
:103CC000B0F5005F41D10DE041E0D5E902136A682B
:103CD000206802F026FA2068866846F07706206899
:103CE000866034E0D5E902136A68206802F019FAA8
:103CF0002068806840F480402168886027E0EA6896
:103D00006968206802F0FEFA5021206802F014FA77
:103D10001DE0EA686968206802F007FB60212068FE
:103D200002F00AFA13E0EA686968206802F0EAFA29
:103D30004021206802F000FA09E000BF00BF00BF88
:103D40002968206802F0F8F901E0012700BF00BFF0
:103D5000012084F83D0000BF002084F83C0000BF33
:103D6000384684E7704770B504462068C568206807
:103D7000066906F00200022819D105F002000228A7
:103D800015D1401F216808610120207720688069D3
:103D900000F0030018B12046FFF7E4FF05E02046DD
:103DA00000F0C8F8204600F07CF90020207706F0EB
:103DB0000400042819D105F00400042815D1C043DB
:103DC00021680861022020772068806900F4407033
:103DD00018B12046FFF7C6FF05E0204600F0AAF81C
:103DE000204600F05EF90020207706F00800082841
:103DF00019D105F00800082815D1C04321680861D1
:103E0000042020772068C06900F0030018B1204624
:103E1000FFF7A8FF05E0204600F08CF8204600F0F0
:103E200040F90020207706F01000102819D105F085
:103E30001000102815D1C0432168086108202077A0
:103E40002068C06900F4407018B12046FFF78AFF6F
:103E500005E0204600F06EF8204600F022F9002030
:103E6000207706F0010048B105F0010030B16FF095
:103E7000010021680861204600F09AF906F08000F0
:103E8000802809D105F08000802805D1C043216831
:103E900008612046FFF7A0FD06F04000402809D148
:103EA00005F04000402805D1C04321680861204644
:103EB00000F092F906F02000202809D105F020003A
:103EC000202805D1C043216808612046FFF785FD01
:103ED00070BD000010B586B00446142101A8FCF79F
:103EE00079FB1149206888421CD100BF0020009056
:103EF0000E48006840F020000C4908600846006841
:103F000000F02000009000BF00BF40200190022080
:103F100002900020039004900320059001A904481A
:103F2000FEF744FE06B010BD0044014030380240A8
:103F30000014024070472DE9F04104460D46164634
:103F4000002700BF94F83C00012802D10220BDE800
:103F5000F081012084F83C0000BF36B1042E1BD054
:103F6000082E31D00C2E5ED145E02946206802F0A3
:103F7000EDF82068806940F00800216888612068B9
:103F8000806920F0040021688861206880692969BF
:103F900008432168886148E02946206802F00EF94C
:103FA0002068806940F40060216888612068806929
:103FB00020F480602168886120688069296940EA6E
:103FC00001202168886130E02946206802F034F938
:103FD0002068C06940F008002168C8612068C06995
:103FE00020F004002168C8612068C069296908437D
:103FF0002168C86119E02946206802F059F9206853
:10400000C06940F400602168C8612068C06920F47C
:1040100080602168C8612068C069296940EA012080
:104020002168C86101E0012700BF00BF00BF002078
:1040300084F83C0000BF384689E710B504460CB947
:10404000012010BD94F83D0028B9002084F83C0000
:10405000204600F025F8022084F83D00211D20684C
:1040600001F0DEFF012084F8460000BF84F83E0026
:1040700001213F200155402001554120015500BF3D
:1040800000BF012084F8420043200155442001551F
:104090004520015500BF012084F83D000020D0E7F5
:1040A0007047704770B504460D4615B994F83E0048
:1040B0000BE0042D02D13F20005D06E0082D02D167
:1040C0004020005D01E04120005D012801D0012079
:1040D00070BD1DB9022084F83E000EE0042D03D10E
:1040E00002213F20015508E0082D03D10221402084
:1040F000015502E002214120015501222946206894
:1041000001F0FEFF23492068884203D0224920683D
:10411000884201D1012000E0002028B12068406CD5
:1041200040F40040216848641A49206888421BD046
:104130002068B0F1804F17D018492068884213D00A
:104140001749206888420FD01649206888420BD052
:1041500011492068884207D013492068884203D05B
:104160001249206888420CD12068806800F0070658
:10417000062E0CD02068006840F00100216808601D
:1041800005E02068006840F0010021680860002018
:104190009EE70000000001400004014000040040D0
:1041A00000080040000C00400040014000180040A2
:1041B00010B5044606492068884201D1FEF7FCFD8F
:1041C00004492068884201D102F0BEFD10BD000004
:1041D00000040040000800407047704770B5044676
:1041E000002520684069C0F3C01594F841002128DB
:1041F00017D1B5B100BF00BF2168143151E8001FCD
:1042000021F080002168143141E80002002AF3D136
:1042100000BFA06B10B1A06BFEF765FA204602F05C
:1042200098F920684069C0F3801594F8420022286C
:1042300017D1B5B100BF00BF2168143151E8001F8C
:1042400021F040002168143141E80002002AF3D136
:1042500000BFE06B10B1E06BFEF745FA204602F0BC
:1042600032F9002070BD70472DE9F84F04462068F0
:1042700005682068C668206847694FF00009CA468B
:1042800005F00F09B9F1000F0AD105F0200038B18F
:1042900006F0200020B1204602F06EF9BDE8F88F4C
:1042A000B9F1000F7CD007F0010018B906F4907046
:1042B000002875D005F0010030B106F4807018B107
:1042C000606C40F00100606405F0040030B107F05C
:1042D000010018B1606C40F00200606405F002005B
:1042E00030B107F0010018B1606C40F00400606468
:1042F00005F0080048B106F0200010B907F00100F1
:1043000018B1606C40F008006064606C002846D012
:1043100005F0200028B106F0200010B1204602F080
:104320002BF920684069C0F3801A606C00F0080027
:1043300010B9BAF1000F2DD0204602F0C4F8206861
:10434000406900F04000402820D100BF00BF216834
:10435000143151E8001F21F040002168143141E878
:104360000002002AF3D100BFE06B50B17F48E16B3F
:104370000865E06BFEF70DFA88B1E06B016D8847C8
:104380000DE02046FFF76FFF09E009E02046FFF748
:104390006AFF04E02046FFF766FF002060647DE7C7
:1043A000206B012878D105F01000002874D006F0A9
:1043B00010000028FAD000BF00200090206800689C
:1043C000009020684068009000BF00BF20684069EE
:1043D00000F04000402870D1E06B006840681FFA90
:1043E00080F8B8F1000F58D0A08D404555DDA4F8F5
:1043F0002E80E06BC069B0F5807F43D000BF00BF66
:1044000021680C3151E8001F21F4807021680C31C3
:1044100041E80002002AF3D100BF00BF00BF2168BD
:10442000143151E8001F21F001002168143141E8E6
:104430000002002AF3D100BF00BF00BF2168143181
:1044400051E8001F21F040002168143141E80002CA
:10445000002AF3D100BF202084F84200002020630E
:1044600000BF00BF21680C3151E8001F21F010008F
:1044700021680C3141E80002002AF3D100BFE06B53
:10448000FEF731F902206063A08DE28D801A81B2BF
:104490002046FFF7A2FE0EE052E0A08D40450AD173
:1044A000E06BC069B0F5807F05D102206063A18D0B
:1044B0002046FFF792FEF1E6FFE7A08DE18D401A5E
:1044C0001FFA80F8E08DD0B3B8F1000F37D000BFED
:1044D00000BF21680C3151E8001F21F49070216861
:1044E0000C3141E80002002AF3D100BF00BF00BF39
:1044F0002168143151E8001F21F0010021681431B6
:1045000041E80002002AF3D100BF202084F84200D5
:104510000020206300BF00BF21680C3151E8001F5C
:1045200021F0100021680C3141E80002002AF3D18B
:1045300000BF0220606341462046FFF74EFEADE615
:1045400005F0800030B106F0800018B1204602F07E
:1045500013FAA3E605F0400030B106F0400018B1B0
:10456000204601F0E6FF99E600BF97E68D6300085C
:1045700010B504460CB9012010BDA06900B100E0DF
:1045800000BF94F8410028B9002084F8400020467C
:1045900000F02AF8242084F841002068C06820F444
:1045A00000502168C860204602F064F82068006965
:1045B00020F49040216808612068406920F02A00BA
:1045C000216848612068C06840F400502168C860D4
:1045D00000206064202084F8410084F8420000201C
:1045E000606300BFC8E7000010B586B00446142120
:1045F00001A8FBF7EFFFF7492068884275D100BF9B
:1046000000200090F448006840F40020F24908605F
:104610000846006800F40020009000BF00BF00BF03
:1046200000200090EC481038006840F00400EA498F
:10463000103908600846006800F00400009000BFD0
:1046400000BF4FF4406001900220029001200390CF
:10465000032004900820059001A9E048FEF7A6FA7F
:10466000DF48E0490860400548600021DD4881607E
:10467000C1604FF480610161002141618161C161CC
:1046800001624162FEF7BAF908B1FDF7B1FA00BF65
:10469000D448E063846300BFD1483030D249086019
:1046A0004FF0006048604021CF4881600021C16028
:1046B0004FF480610161002141618161C16101624A
:1046C0004162FEF79BF908B1FDF792FA00BFC648B8
:1046D000A063846300BF002205213420FEF72EFC76
:1046E0003420FEF717FC13E2FFE7C0492068884238
:1046F00078D100BF00200090B748001D006840F04E
:104700001000B549091D08600846006800F0100057
:10471000009000BF00BF00BF00200090AE481038DE
:10472000006840F00100AC49103908600846006894
:1047300000F00100009000BF00BF4FF4C060019086
:10474000022002900020039003200490072005908F
:1047500001A9A748FEF72AFAA648A74908604FF022
:10476000006048604021A44881600021C1604FF48E
:1047700080610161002141618161C1610162416229
:10478000FEF73CF908B1FDF733FA00BF9A48A06381
:10479000846300BF97487838984908604FF00060FC
:1047A0004860002195488160C1604FF480610161DB
:1047B000002141618161C16101624162FEF71EF920
:1047C00008B1FDF715FA00BF8C48E063846300BFB1
:1047D000002205212520FEF7B1FB2520FEF79AFBDC
:1047E00096E1FFE786492068884276D100BF002025
:1047F00000907948006840F4003077490860084626
:10480000006800F40030009000BF00BF00BF00202F
:10481000009071481038006840F008006E49103967
:1048200008600846006800F00800009000BF00BF64
:104830006020019002200290002003900320049049
:104840000720059001A96F48FEF7B0F96448483089
:104850006D4908604FF00060486000216A4881603F
:10486000C1604FF480610161002141618161C161DA
:1048700001624162FEF7C2F808B1FDF7B9F900BF65
:104880006148E063846300BF554860305F49086059
:104890004FF00060486040215C4881600021C160A9
:1048A0004FF480610161002141618161C161016258
:1048B0004162FEF7A3F808B1FDF79AF900BF53482B
:1048C000A063846300BF002205212620FEF736FB8B
:1048D0002620FEF71FFB1BE1FFE74D4920688842B9
:1048E00076D100BF002000903B48006840F4802053
:1048F000394908600846006800F48020009000BF35
:1049000000BF00BF0020009033481038006840F01E
:1049100002003149103908600846006800F00200C2
:10492000009000BF00BF4FF4406001900220029051
:1049300000200390032004900720059001A935482A
:10494000FEF734F926481838334908604FF0006004
:104950004860002130488160C1604FF4806101618E
:10496000002141618161C16101624162FEF746F847
:1049700008B1FDF73DF900BF2748E063846300BF3D
:1049800017481830254908604FF000604860402102
:10499000224881600021C1604FF4806101610021E3
:1049A00041618161C16101624162FEF727F808B18E
:1049B000FDF71EF900BF1948A063846300BF002201
:1049C00005212720FEF7BAFA2720FEF7A3FA9FE079
:1049D00026E00000004C0040403802400008024041
:1049E00040600240D8060020380700200010014037
:1049F00000000240B864024098070020F807002039
:104A000000440040000C024058080020B808002074
:104A100000480040000402401809002078090020E6
:104A20003C492068884273D100BF002000903A487A
:104A3000006840F02000384908600846006800F02F
:104A40002000009000BF00BF00BF0020009032484F
:104A50001438006840F040002F49143908600846B7
:104A6000006800F04000009000BF00BF4FF4844099
:104A7000019002200290012003900320049008205E
:104A8000059001A92548FEF791F8254825490860B9
:104A900080054860002123488160C1604FF4806137
:104AA0000161002141618161C16101624162FDF7E3
:104AB000A5FF08B1FDF79CF800BF1A48E0638463C6
:104AC00000BF17487830184908604FF020604860F0
:104AD0004021154881600021C1604FF4806101616F
:104AE000002141618161C16101624162FDF786FF80
:104AF00008B1FDF77DF800BF0B48A063846300BFD9
:104B0000002205214720FEF719FA4720FEF702FA96
:104B100006B010BD001401404438024000180240A5
:104B200028640240D8090020380A002070B50446E5
:104B30000D46164694F8420020280BD105B10EB957
:104B4000012070BD0020206332462946204601F036
:104B5000A7FEF6E70220F4E7704770472DE9F84F0B
:104B600004460E46174699464FF0000A94F8410055
:104B7000202850D106B117B90120BDE8F88F0020D8
:104B80006064212084F84100FEF710F98246A78472
:104B9000E784A068B0F5805F04D1206910B90025D2
:104BA000B04602E035464FF000081EE053460022B2
:104BB00080212046CDF8009001F00EFF20B120208A
:104BC00084F841000320D8E745B9B8F80000C0F3E5
:104BD00008002168486008F1020803E0287821688D
:104BE00048606D1CE08C401EE084E08C0028DDD124
:104BF0005346002240212046CDF8009001F0ECFE03
:104C000020B1202084F841000320B6E7202084F85A
:104C100041000020B1E70220AFE7704700BFFEE788
:104C200000B563223121DE2002F00EF900BD00B58F
:104C300000221146082002F007F900BD00B5082245
:104C40000021084602F000F900BD00B5002211461F
:104C5000104602F0F9F800BD00B50022F721FF2050
:104C600002F0F2F800BD000000BF002233493448D2
:104C7000006807F02FFF012821D13048007805286F
:104C800018D2DFE800F0030F070B130000202D49B6
:104C9000087013E003202B4908700FE00120294918
:104CA00008700BE002202749087007E0052025491D
:104CB000087003E004202349087000BF00BF2148AA
:104CC0000078062834D2DFE800F0031213082E0D16
:104CD000FFF7B4FF02F0D0F82AE0FFF7A1FF02F0DF
:104CE000CBF825E0FFF7B8FF02F0C6F820E000BFE0
:104CF00008F08AF804464FF4AF60B4FBF0F100FB13
:104D00001145B5F52F7F09D20E480078012802D150
:104D1000FFF78DFF04E000F017F801E0FFF795FFC3
:104D200002F0AAF804E0FFF790FF02F0A5F800BF38
:104D300000BF0A2006F077F997E700007103002012
:104D4000AC0200207003002000B5002208211046AC
:104D500002F07AF800BD70B505460024284600F040
:104D60007BF8044305F1140000F076F80443204674
:104D700070BD0000F8B50446002533482060334874
:104D80000068606000202072802060720020A072A5
:104D9000E0600021218261822D4860612D48016818
:104DA000A16100212177802161770021A177216213
:104DB000A184E184002000904FF47A71684607F0E6
:104DC0001BFA642006F02FF9204600F0B3F80543E3
:104DD00004F1140000F0AEF80543642006F023F956
:104DE000204600F0B9F8054304F1140000F0B4F8CF
:104DF0000543D5B1012600BF0025204600F0ACF8E0
:104E0000054304F1140000F0A7F8054305B90AE0D2
:104E1000032E01DB2846F8BD4FF47A7006F003F943
:104E2000701CC6B2E8E700BF00BF642006F0FBF8C4
:104E3000204600F04FF8054304F1140000F04AF852
:104E400005432846E7E70000900600209C0200206A
:104E500070050020A00200202DE9F0410446002545
:104E600000221B49606807F035FE01282DD1184843
:104E700080790006164FFF7940EA0740144F3F7AC9
:104E800040EA0720124F7F7A40EA07021048C07AB2
:104E90000F4FBF7A40EA07230D48067B002101200F
:104EA00005E00B4F3F5C0F44F9B2471CF8B20C28E9
:104EB000F7DB8E4202D1E260238205E0608A40F097
:104EC0000407678245F0010500BF2846BDE8F08170
:104ED000445C0020FEB50446002513A207CA8DE8F5
:104EE0000700A07A8DF801009DF801009DF80210DE
:104EF00008449DF8031008449DF8041008449DF8E8
:104F0000051008449DF8061008449DF80710084451
:104F1000C6B28DF808600A2309226946206800F0AD
:104F2000ADFC05432846FEBDAA0000200001000498
:104F30000000000038B50446002506A00068009077
:104F4000052301226946206800F098FC05432846A5
:104F500038BD000058000000FEB5044600251FA221
:104F600007CA8DE80700A07A8DF801009DF80100BE
:104F70009DF8021008449DF8031008449DF80410A1
:104F800008449DF8051008449DF8061008449DF853
:104F900007100844C6B28DF808600A230922694642
:104FA000206800F06BFC054332220F49606807F06F
:104FB00091FD01280CD169460B48FBF733FB08B97A
:104FC0000020FEBD608A40F0020161820120F8E706
:104FD000608A40F0010161820120F2E7AA0001BE6F
:104FE0000001000100000000445C002038B50446C8
:104FF0000D460020009002236A46214609480068B9
:1050000007F0EAFC01280BD1009838B14FF080502E
:1050100005490860BFF34F8FBFF36F8F012038BD84
:105020000020FCE7A002002004ED00E038B50446B3
:105030000D460020009002236A4621460948006878
:1050400007F0CAFC01280BD1009838B14FF080500E
:1050500005490860BFF34F8FBFF36F8F012038BD44
:105060000020FCE79C02002004ED00E008B50024CD
:1050700000BF00BF07F0C8FE00902C48FFF77AFE83
:105080000443642005F0CFFF00BF002400BF0021CF
:1050900026484182C184FFF75EFE04432348006A2C
:1050A000234908602148C0682249086020480068F8
:1050B00010B10846006850B9642005F0B4FF1B48E1
:1050C000FFF758FE42F2107005F0ADFFDDE718481B
:1050D000006800F2011000EE100AB8EE400AB1EECE
:1050E000400A9FED151AC0EE010A144890ED000A1F
:1050F00030EE800A124880ED000A0E48006800F584
:10510000BB7000EE100AB8EE400A9FED0B1AC0EE1D
:10511000010A0C4890ED000A30EEC00A0A4880ED02
:10512000000A2821684607F067F8AEE7545C0020C3
:10513000DC020020D802002000007A44E8020020AF
:10514000E4020020EC020020E002002000BF4FF447
:10515000967005F068FFFAE72DE9F04706460F461E
:105160000024A046A24644E0305D40283FD1A0463E
:105170004FF0000A601CC5B232E0705D3F282DD1AF
:10518000A5EB0800401E1FFA80F9B9F1000F20DDE1
:1051900008F1010030441A4908601A48A0F800904C
:1051A00001881748006805F0EFFF174890ED000AE6
:1051B000164880ED000A164890ED000A154880ED6B
:1051C000000A154890ED000AB8EEC00A134880EDB9
:1051D000000A681CC4B24FF0010A03E0681CC5B2A3
:1051E000BD42CADB00BFBAF1000F02D103E0601C70
:1051F000C4B2BC42B8DB00BF0020BDE8F0870000AD
:10520000F0000020F4000020E4000020D400002082
:10521000E8000020D8000020EC000020DC00002086
:1052200010B50E480E4908600320486000210C4864
:105230008160C1604FF4002101614FF44011416170
:105240000021017641768176C17601774177FDF7BD
:105250003AF808B1FCF7CCFC10BD00000064004037
:105260009003002010B50E480E49086003204860E6
:1052700000210C488160C1604FF4002101614FF4AE
:10528000401141610021017641768176C176017736
:105290004177FDF718F808B1FCF7AAFC10BD000033
:1052A00000680040B803002008B500BF002000904F
:1052B0003A48006840F480003849086008460068B1
:1052C00000F48000009000BF00BF00BF00200090ED
:1052D0000846006840F4001008600846006800F4C2
:1052E0000010009000BF00BF002205210C20FDF738
:1052F00025FE0C20FDF70EFE002205210D20FDF7F6
:105300001DFE0D20FDF706FE002205210E20FDF7F3
:1053100015FE0E20FDF7FEFD002205210F20FDF7F2
:105320000DFE0F20FDF7F6FD002205211020FDF7F0
:1053300005FE1020FDF7EEFD002205211120FDF7EE
:10534000FDFD1120FDF7E6FD002205213920FDF7C6
:10535000F5FD3920FDF7DEFD002205213A20FDF79D
:10536000EDFD3A20FDF7D6FD002205213B20FDF79B
:10537000E5FD3B20FDF7CEFD002205214520FDF790
:10538000DDFD4520FDF7C6FD002205214620FDF785
:10539000D5FD4620FDF7BEFD08BD000030380240B7
:1053A00010B5234A0021234805F092FE22490860E7
:1053B000224A0021224805F08BFE22490860224A39
:1053C0000021224805F084FE21490860214A00217D
:1053D000214805F07DFE21490860214A002121482D
:1053E00005F076FE20490860204A0021204805F09B
:1053F0006FFE20490860204A0021204805F068FE21
:105400001F4908601F4A00211F4805F061FE1F491F
:1054100008601F4A00211F4805F05AFE1E49086017
:105420001E4A00211E4805F053FE1E49086010BDAB
:10543000F8E1000871120008000000201CE20008DA
:10544000311400080400002040E20008FD120008AA
:105450000800002064E20008616D00080C000020D4
:1054600088E20008810B000810000020ACE2000870
:105470006D50000814000020D0E200084D510008D3
:1054800018000020F4E20008D1BD00081C00002034
:1054900018E30008694C0008200000203CE30008E5
:1054A000B95C00082400002000B587B0142102A8D0
:1054B000FBF790F800BF002001904C48006840F0D6
:1054C00004004A4908600846006800F004000190A2
:1054D00000BF00BF00BF002001900846006840F0F8
:1054E000200008600846006800F02000019000BF1E
:1054F00000BF00BF002001900846006840F0800017
:1055000008600846006800F08000019000BF00BFFE
:1055100000BF002001900846006840F001000860CC
:105520000846006800F00100019000BF00BF00BF06
:10553000002001900846006840F00200086008461C
:10554000006800F00200019000BF00BF00BF002013
:1055500001900846006840F00800086008460068AE
:1055600000F00800019000BF00BF00BF00200190C4
:105570000846006840F0400008600846006800F0F7
:105580004000019000BF00BF002289151848FDF7B8
:1055900007FC802002904FF48810039000200490B4
:1055A00002A91448FDF702FB4FF48070029001201D
:1055B000039002200490059002A90D48FDF7F6FA29
:1055C0004FF480600290002003900120049002A913
:1055D0000748FDF7EBFA002205211720FDF7AEFC86
:1055E0001720FDF797FC07B000BD000030380240DF
:1055F000000C02400014024010B50E480E4908602D
:105600004FF48270486000210B488160C1600161E5
:1056100041614FF4007181611821C1610021016273
:10562000416281620A21C162FEF78BF808B1FCF782
:10563000DFFA10BD00300140E003002000B587B064
:105640001C216846FAF7C6FF154816490860532022
:10565000486000211348816040F63301C160002199
:1056600001618161FEF714FA08B1FCF7C1FA0D4837
:10567000FEF7E3FC08B1FCF7BBFA602000900020C5
:10568000019002900490002269460648FEF753FC00
:1056900008B1FCF7ADFA0348FEF71CFC07B000BDEB
:1056A000004401402805002000B587B00020039089
:1056B00004900590069001900290144814490860E7
:1056C000532048600021124881604FF6FF71C1608D
:1056D000002101618161FEF7DBF908B1FCF788FA6E
:1056E0004FF48050039003A90948FEF7B5FA08B1BA
:1056F000FCF77EFA00200190029001A90448FEF711
:105700006DF908B1FCF774FA07B000BD000800405D
:10571000980400201CB50020009001900E480F490D
:1057200008600020486000210C4881604FF6FF713E
:10573000C16000218161FEF7ABF908B1FCF758FAAE
:1057400000200090019069460448FEF747F908B12F
:10575000FCF74EFA1CBD000000100040E0040020E1
:1057600010B50B480B4908604FF496404860002183
:1057700008488160C16001610C21416100218161A3
:10578000C161FEF7F5FE08B1FCF732FA10BD00006A
:10579000004C00407005002010B50B480B49086014
:1057A0004FF4E1304860002108488160C160016128
:1057B0000C21416100218161C161FEF7D9FE08B170
:1057C000FCF716FA10BD000000100140B8050020DB
:1057D00010B50B480B4908604FF4E13048600021D8
:1057E00008488160C16001610C2141610021816133
:1057F000C161FEF7BDFE08B1FCF7FAF910BD00006B
:10580000004400400006002010B50B480B4908601A
:105810004FF4E1304860002108488160C1600161B7
:105820000C21416100218161C161FEF7A1FE08B137
:10583000FCF7DEF910BD00000048004048060020DB
:1058400010B50B480B4908604FF4964048600021A2
:1058500008488160C16001610C21416100218161C2
:10586000C161FEF785FE08B1FCF7C2F910BD00006A
:10587000001401409006002000BFFEE72DE9F04132
:1058800004460D4616461F464FF000083B4632467A
:1058900029462046FFF762F98046B8F1000F02D191
:1058A0000020BDE8F0810120FBE700BFFEE72DE905
:1058B000F04105460E4614461F46E56066602046E8
:1058C000FEF7E6F839462046FEF7ECFBBDE8F0812E
:1058D000F8B503460D4600240022012666E0082C98
:1058E00061D2DFE804F0040E18222C3F4D57985C7B
:1058F000FC2802D1601CC4B200E00024501CC2B2DB
:1059000053E0985CFB2802D1601CC4B200E0002484
:10591000501CC2B249E0985C012802D1601CC4B29C
:1059200000E00024501CC2B23FE0985C182802D16D
:10593000601CC4B200E00024501CC2B235E0A5F1E6
:105940001801914200DA0026002006E0995C1A4F07
:105950003954511CCAB2411CC8B21828F6DB611C6C
:10596000CCB222E0002006E0995C0DF80010511C3A
:10597000CAB2411CC8B20228F6DB611CCCB214E0EA
:10598000985CFD2802D1601CC4B200E00024501CC9
:10599000C2B20AE0985CFE2802D1074801F090F9F3
:1059A0000024002601E0002400BF00BFAA4201DA63
:1059B000012E94D00020F8BD3C5A002000B52DEDFA
:1059C000028B85B0F0EE408AB0EE608A0020019034
:1059D000029003900490FC208DF80400FB208DF8C9
:1059E000050001208DF8060008208DF80700CDED98
:1059F000008A9DF800008DF808009DF801008DF8E0
:105A000009009DF802008DF80A009DF803008DF84A
:105A10000B008DED008A9DF800008DF80C009DF8BC
:105A200001008DF80D009DF802008DF80E009DF824
:105A300003008DF80F0000208DF810008DF8110084
:105A4000FD208DF81200FE208DF813004FF0FF337B
:105A5000102201A90348FFF781F805B0BDEC028BC5
:105A600000BD00004806002070B50546AC6B2068FC
:105A7000406820F0030021684860606D40F010002D
:105A80006065012084F851002046FDF759FE70BD85
:105A900070B50446A56B2846FDF79DFF70BDF8B5AF
:105AA0000546AC6BFDF782F906462868006800F4ED
:105AB0008070B0F5807F2DD02068406820F02000F5
:105AC000216848602068406820F002002168486032
:105AD00032466421204600F023F818B1606D40F092
:105AE00020006065A06850B900BF002000902068C9
:105AF000C068009020688068009000BF00BF002050
:105B0000E086012084F85100606D18B12046FDF751
:105B100017FEF8BD2046FDF75DFF00BFF9E7000066
:105B20007CB504460E461546334601220221204626
:105B3000009500F039F828B1606D40F020006065F4
:105B400003207CBD164800681821B0FBF1F0154910
:105B5000B0FBF1F04FF47A71484301906068B0F502
:105B6000827F0DD13346002280212046009500F02F
:105B70001BF898B1606D40F0200060650320E0E7FD
:105B800000BF019800B908E00198401E019020680C
:105B90008068C0F3C0100028F3D100BF0020D0E718
:105BA0003800002040420F002DE9F84F04460D4612
:105BB00090461E46DDF82890FDF7F8F8A0EB0900A6
:105BC000371AFDF7F3F882462C480068C0F3CB3053
:105BD0007843009046E0701C002843D0FDF7E6F8BB
:105BE000A0EB0A00B84200D2A7BB2068406820F0B2
:105BF000E000216848606068B0F5827F0DD1A06840
:105C0000B0F5004F03D0A068B0F5806F05D12068D3
:105C1000006820F0400021680860A06AB0F5005FCD
:105C20000DD100BF2068006820F400502168086092
:105C30002068006840F400502168086000BF01201F
:105C400084F8510000BF002084F8500000BF0320FA
:105C5000BDE8F88FFFE7009808B9002702E0009838
:105C6000401E0090206880682840A84201D1012091
:105C700000E000204045AED10020E9E738000020D8
:105C800070B5134600240568EC6A651C5D43642604
:105C9000B5FBF6F211B905686A630BE0042902D17D
:105CA0000568AA6306E0082902D10568EA6301E0F5
:105CB00005682A6470BD000008B501201123444A1C
:105CC00044490090444802F017FD00BF01224349B7
:105CD0004348006806F0FEFE404890ED000A414847
:105CE00080ED000A404890ED000AB5EEC00AF1EEE2
:105CF00010FA09D000203D4908703B4890ED000A99
:105D00003B4880ED000A15E0012038490870394809
:105D100090ED010AF0EE401A90ED000AB0EE401A44
:105D200033493548D0ED000A344890ED000A2A483E
:105D300002F00EFC002301222C493148006806F0D5
:105D400077FD3048007878B92948D0ED000A23481B
:105D500090ED001A70EE810AB0EE600A1E4802F063
:105D60005FFC234880ED020A214890ED020ADFED36
:105D7000260AB4EEE00AF1EE10FA03D29FED230AF0
:105D800080ED020A224890ED000AF7EE000AB4EE18
:105D9000600AF1EE10FA05D19FED1E0A1E4880ED53
:105DA000000A93E71A4890ED000AF0EE000AB4EEFC
:105DB000600AF1EE10FA05D19FED160A164880ED43
:105DC000000A83E79FED130A134880ED000A7DE780
:105DD000B4E40008B4E300086C6800206C03002001
:105DE000B402002064030020640200204803002065
:105DF00098680020245A0020500300204C03002003
:105E0000B00200205C03002000E8004700B808470B
:105E100058030020000000005403002010B54FF08C
:105E2000E020006906F0E0FF012801D006F0FCFB4D
:105E300010BD000000B593B0302107A8FAF7CAFBE7
:105E4000142102A8FAF7C6FB00BF002001902448E5
:105E5000006840F08050224908600846006800F061
:105E60008050019000BF00BF00BF002001901D487E
:105E7000006840F480401B4908600846006800F450
:105E80008040019000BF00BF0120079000040890EF
:105E900002200D9041050E9104210F91A82110912F
:105EA000022111910421129107A8FDF7FBF908B115
:105EB000FBF79EFE0F20029002200390002004902A
:105EC0004FF4A05005904FF480500690052102A891
:105ED000FDF786F808B1FBF78BFE13B000BD00009C
:105EE00040380240007000400348006840F47000F1
:105EF000014908607047000088ED00E010B5FBF72D
:105F0000F1FD0221254800F025FA0023244A49F634
:105F10003F4141F26700FFF7CAFC22492248FBF7E4
:105F20004FFA22492248FBF74BFA00231A4619463A
:105F30001D48FBF70BFA00231A460C211A48FBF701
:105F400005FA00231A4672211948FBF7FFF90023CE
:105F50001A467E211648FBF7F9F9164B23221649FB
:105F6000164800F0AFFD164B23221649164800F0E4
:105F7000A9FD164B32221649164800F0A3FD164B18
:105F80000F221649164800F09DFD164B0F221649A8
:105F9000164800F097FDFBF70BF910BD98040020A0
:105FA00028050020E511000890030020D112000808
:105FB000B8030020D1580008EF5A002048060020FE
:105FC00059510008215B0020000600206D6D00087B
:105FD000445B0020B80500202D500008125B002013
:105FE00090060020ED4F0008765B00207005002031
:105FF00010B50248FDF7B7FE10BD0000980A00205A
:1060000010B50248FDF7AFFE10BD00009804002057
:1060100010B50248FDF7A7FE10BD0000E004002007
:1060200010B502682B4B98420ED0B0F1804F0BD0C8
:10603000294B984208D0294B984205D0284B9842CA
:1060400002D0284B984203D122F070024B681A43C9
:10605000204B984220D0B0F1804F1DD01E4B98426B
:106060001AD01E4B984217D01D4B984214D01D4B8E
:10607000984211D01C4B98420ED01C4B98420BD02A
:106080001B4B984208D01B4B984205D01A4B9842A4
:1060900002D01A4B984203D122F44072CB681A43C3
:1060A00022F080034C6943EA04028B68C3620B68E8
:1060B0008362084B984202D00A4B984201D10B6987
:1060C0000363036843F00403036001234361026038
:1060D00010BD000000000140000400400008004026
:1060E000000C004000040140004001400044014019
:1060F0000048014000180040001C00400020004003
:1061000030B501F01F05012404FA05F3046A9C432D
:106110000462046A01F01F0502FA05F52C430462CB
:1061200030BD30B50C46816821F47F4142EA032539
:1061300025432943816030BD0A46816821F0700102
:1061400042F00703194381607047000030B5026ACE
:10615000056A25F0010505624368846924F070042E
:1061600024F003040D682C4322F002028D682A43B8
:10617000104DA84200D103E00F4DA84206D100BF48
:1061800022F00802CD682A4322F00402094DA842F9
:1061900002D0094DA84207D123F4807323F4007381
:1061A0004D692B438D692B43436084614D68456382
:1061B000026230BD000001400004014030B5026AB7
:1061C000056A25F0100505624368846924F4E044FB
:1061D00024F440740D6844EA052422F020028D68FE
:1061E00042EA0512124DA84200D103E0114DA84227
:1061F00007D100BF22F08002CD6842EA051222F0EA
:1062000040020B4DA84202D00A4DA84209D123F406
:10621000806323F400634D6943EA85038D6943EA93
:106220008503436084614D688563026230BD000070
:10623000000001400004014030B5026A056A25F4FF
:10624000807505624368C46924F0700424F0030477
:106250000D682C4322F400728D6842EA0522124D2B
:10626000A84200D103E0114DA84207D100BF22F49B
:106270000062CD6842EA052222F480620A4DA842FB
:1062800002D00A4DA84209D123F4805323F40053CD
:106290004D6943EA05138D6943EA05134360C46100
:1062A0004D68C563026230BD00000140000401403A
:1062B00030B5036A056A25F4805505624468C269F1
:1062C00022F4E04222F440720D6842EA052223F4EF
:1062D00000538D6843EA0533084DA84202D0084DAB
:1062E000A84204D124F480444D6944EA85144460F2
:1062F000C2614D680564036230BD000000000140CA
:106300000004014030B50B461446026A056A25F0C8
:1063100001050562816921F0F00141EA041122F0D2
:106320000A021A438161026230BD30B50B46144641
:10633000026A056A25F010050562816921F4704141
:1063400041EA043122F0A00242EA031281610262B2
:1063500030BD000070B504460D4605480460057167
:1063600001460868FDF724FC08B1FBF744FC70BD4A
:10637000C800002010B50348FDF776FF024800F082
:106380006BFC10BD700500204C54002070B5044615
:10639000A56B0020E8852846FDF765FF70BD70B548
:1063A00006460025B46B20684069C0F3C01594F818
:1063B0004100212805D125B10020E084204600F0CD
:1063C000C8F820684069C0F3801594F8420022287C
:1063D00005D125B10020E085204600F074F8606CFE
:1063E00040F0100060642046FDF73DFF70BD70B5C1
:1063F0000546AC6B2868006800F48070002842D124
:10640000E08500BF00BF21680C3151E8001F21F476
:10641000807021680C3141E80002002AF3D100BFEE
:1064200000BF00BF2168143151E8001F21F00100B6
:106430002168143141E80002002AF3D100BF00BFF7
:1064400000BF2168143151E8001F21F0400021688D
:10645000143141E80002002AF3D100BF202084F863
:106460004200206B01280ED100BF00BF21680C3113
:1064700051E8001F21F0100021680C3141E80002B2
:10648000002AF3D100BF00206063206B012804D1F3
:10649000A18D2046FDF7A1FE02E02046FEF75CFB41
:1064A00070BD70B50546AC6B01206063206B0128A0
:1064B00005D1A08D41082046FDF78FFE02E0204661
:1064C000FEF74BFB70BD00BF00BF02680C3252E804
:1064D000002F22F4907102680C3242E80013002B66
:1064E000F3D100BF00BF00BF0268143252E8002F92
:1064F00022F001010268143242E80013002BF3D1AC
:1065000000BF016B01290ED100BF00BF02680C3231
:1065100052E8002F22F0100102680C3242E800130A
:10652000002BF3D100BF202180F84210002101632D
:10653000704710B504462068C06820F0400021680C
:10654000C860202084F841002046FEF766FB00204A
:1065500010BD00BF00BF02680C3252E8002F22F0CD
:10656000C00102680C3242E80013002BF3D100BFD7
:10657000202180F841107047F8B504460025002618
:1065800094F84200222873D1A068B0F5805F0BD147
:10659000206948B9A66A20684068C0F308003080C6
:1065A000A06A801CA06214E0A56AA068B0F5805FB4
:1065B00003D0A06828B9206918B9206840682870FD
:1065C00004E02068406800F07F002870A06A401C4A
:1065D000A062E08D401E80B2E085002846D1206890
:1065E000C06820F020002168C8602068C06820F4DE
:1065F00080702168C8602068406920F0010021682F
:106600004861202084F8420000206063206B01284C
:1066100026D10020206300BF00BF21680C3151E863
:10662000001F21F0100021680C3141E80002002A0F
:10663000F3D100BF2068006800F0100010280AD1D4
:1066400000BF00200090206800680090206840682B
:10665000009000BF00BFA18D2046FDF7BEFD02E007
:106660002046FEF779FA0020F8BD01E00020FBE7A4
:106670000220F9E72DE9F84F04462068006920F46C
:106680004050E1680843216808612169A068084317
:1066900061690843E169084300902068C06849F2D5
:1066A0000C618843009908432168C86020684069EC
:1066B00020F44070A1690843216848617649206848
:1066C000884203D075492068884203D1FCF782FDD7
:1066D000814602E0FCF76EFD8146E069B0F5004FAF
:1066E0006CD102206168A0FB015003461920A9FB70
:1066F000007001462A463846F9F748FE6421B0FB8F
:10670000F1F04FEA001A02206168A0FB01510B462C
:106710001920A9FB00712A463846F9F737FE83464F
:1067200002206168A0FB015003461920A9FB0071FB
:106730002A463846F9F72AFE6421B0FBF1F000EB57
:10674000C00101EB0010ABEB8000322101EBC00077
:106750006421B0FBF1F000F0F8000AEB400A0220DF
:106760006168A0FB015003461920A9FB0070014697
:106770002A463846F9F70AFE834602206168A0FBE4
:10678000015003461920A9FB00712A463846F9F743
:10679000FDFD6421B0FBF1F000EBC00101EB001046
:1067A000ABEB8000322101EBC0006421B0FBF1F0C3
:1067B00000F007005044216888606AE004206168A6
:1067C000A0FB015003461920A9FB007001462A4690
:1067D0003846F9F7DBFD824604206168A0FB0150D2
:1067E00003461920A9FB007001462A463846F9F7EE
:1067F000CDFD6421B0FBF1F000EBC00101EB001016
:10680000AAEB8000322101EB00106421B0FBF1F013
:1068100000F0F00A04206168A0FB01700346192013
:10682000A9FB00513A462846F9F7B0FD6421B0FBB8
:10683000F1F00AEB001A04206168A0FB01510B463D
:106840001920A9FB00712A463846F9F79FFD8346B7
:1068500004206168A0FB015003461920A9FB0070C9
:1068600001462A463846F9F791FD6421B0FBF1F064
:1068700000EBC00101EB0010ABEB8000322101EB1B
:1068800000106421B0FBF1F000F00F0050442168CB
:106890008860BDE8F88F000000100140001401403E
:1068A00077B581B0044615460298A062A585002000
:1068B0006064222084F842002C48E16BC8632C48B5
:1068C000E16B08642B48E16BC8640020E16B08654C
:1068D00002AE32682368191D2B46E06BFCF704F901
:1068E00038B110206064202084F84200012004B0F8
:1068F00070BD00BF002000902068006800902068F4
:106900004068009000BF00BF206970B100BF00BFA9
:1069100021680C3151E8001F41F4807021680C316E
:1069200041E80002002AF3D100BF00BF00BF216888
:10693000143151E8001F41F001002168143141E891
:106940000002002AF3D100BF00BF00BF216814314C
:1069500051E8001F41F040002168143141E8000275
:10696000002AF3D100BF0020C1E70000EF63000858
:10697000A36400089F630008014691F841002128A4
:1069800028D18868B0F5805F0BD1086948B90A6AD8
:106990001088C0F308000B685860086A801C086201
:1069A00005E00B6A581C086218780B685860C88CA0
:1069B000401E80B2C88458B90868C06820F08000C2
:1069C0000B68D8600868C06840F040000B68D86069
:1069D000002070470220FCE72DE9F84304460D46ED
:1069E00017469846089E31E0701C70B3FCF7DEF93C
:1069F000A0EB0800B04200D816B90320BDE8F88328
:106A00002068C06800F00400F8B1802D1ED0402D31
:106A10001CD020680068C0F3C000B0B100BF0020E7
:106A2000009020680068009020684068009000BFD7
:106A300000BF2046FFF747FD0820606400BF00202C
:106A400084F8400000BF0120D8E7FFE72068006815
:106A50002840A84201D1012000E00020B842C3D064
:106A60000020CBE710B50348FDF7FEFB024800F01D
:106A7000F3F810BDB80500201C54002010B50348E1
:106A8000FDF7F2FB024800F0E7F810BD0006002019
:106A90002C54002010B50348FDF7E6FB024800F037
:106AA000DBF810BD480600203C54002010B5034818
:106AB000FDF7DAFB024800F0CFF810BD9006002089
:106AC0005C540020F8B504460D4616461F460CB926
:106AD000FBF78EF85649206888421DD1554804605E
:106AE00085608680394600F039F900BF00200090AB
:106AF00020680068009020684068009000BF00BFD8
:106B00002068C06840F010002168C86032462946FD
:106B10002046FEF70BF889E04749206888421DD1DE
:106B20004648046085608680394600F017F900BF4A
:106B30000020009020680068009020684068009065
:106B400000BF00BF2068C06840F010002168C86026
:106B5000324629462046FDF7E9FF67E038492068BC
:106B600088421DD13748046085608680394600F030
:106B7000F5F800BF002000902068006800902068B1
:106B80004068009000BF00BF2068C06840F010005F
:106B90002168C860324629462046FDF7C7FF45E018
:106BA0002949206888421DD1284804608560868074
:106BB000394600F0D3F800BF00200090206800683C
:106BC000009020684068009000BF00BF2068C06847
:106BD00040F010002168C860324629462046FDF783
:106BE000A5FF23E01A49206888421DD11948046096
:106BF00085608680394600F0B1F800BF0020009023
:106C000020680068009020684068009000BF00BFC6
:106C10002068C06840F010002168C86032462946EC
:106C20002046FDF783FF01E0FAF7E2FFF8BD000020
:106C3000001001401C540020004400402C5400204F
:106C4000004800403C540020004C00404C540020C0
:106C5000001401405C54002010B504462068006810
:106C60000068C0F3001010B1204600F001F810BD1C
:106C700038B5044600BF0020009020680068006816
:106C80000090206800684068009000BF00BF206846
:106C9000FDF7A4FAA0882168C96B09684968401A01
:106CA00006490880E06818B10988D4E902029047D3
:106CB000A288A1682068FDF739FF38BDD000002008
:106CC00090ED000ADFED1D0A80EE201A1C4981EDCF
:106CD000011A90ED010ADFED190A80EE201A81ED0C
:106CE000021A90ED020A81ED000A90ED030A81ED8F
:106CF000050A90ED040A81ED040A91ED000A11499C
:106D000081ED020A0E4991ED010A0E49D1ED030A07
:106D100030EE200A81ED000A094991ED020A094985
:106D2000D1ED040A30EE200A81ED010A044991ED0B
:106D3000050A044981ED050A7047000000007A4405
:106D4000F4590020245A002002480068401C0149E0
:106D500008607047C400002000BFFEE7C1607047B4
:106D600000BF012004F05FF9FBE70000F0B5024628
:106D70000C4600230021012557E0062B52D2DFE804
:106D800003F0030D17212F39505C552802D1581CF0
:106D9000C3B200E00023481CC1B245E0505CAA2801
:106DA00002D1581CC3B200E00023481CC1B23BE032
:106DB000505C0C2802D1581CC3B200E00023481CD0
:106DC000C1B231E0002006E0565C1B4F3E544E1C21
:106DD000F1B2461CF0B20C28F6DB5E1CF3B223E0E5
:106DE000505C0D2802D1581CC3B200E00023481C9F
:106DF000C1B219E0505C0A2811D10F4890ED000A89
:106E00000E4880ED000A0C4890ED010A0C4880ED18
:106E1000000A094890ED020A0A4880ED000A0023A2
:106E2000002501E0002300BF00BFA14201DA012DCF
:106E3000A3D00020F0BD0000C05A00206002002056
:106E4000640200206802002030B5034600200DE0F7
:106E500000EB4004074D2B5500EB40042C446170BF
:106E600000EB40042C44A270441CE0B22828EFDB65
:106E700030BD00000A01002030B599B06421684699
:106E8000F9F7A8FB002410E004EB44000E4D284461
:106E9000837804EB44002844427804EB4400295CE6
:106EA000204600F017F8601CC4B2282CECDB4FF42D
:106EB000707206490648FCF70FFD642269460448D3
:106EC000FCF70AFD19B030BD0A010020F85500207A
:106ED000E0030020F0B500EB40074FF0080C0CEB8E
:106EE000C707DFF8A8C007EB0C0400EB40070CEB6A
:106EF000C70500EB40074FF0100C0CEBC707DFF89D
:106F00008CC007EB0C0600273CE002F0800CBCF1C3
:106F1000000F04D04FF0FC0C85F800C003E04FF0E8
:106F2000300C85F800C001F0800CBCF1000F04D0DB
:106F30004FF0FC0C84F800C003E04FF0300C84F8F4
:106F400000C003F0800CBCF1000F04D04FF0FC0C2B
:106F500086F800C003E04FF0300C86F800C04FEA1E
:106F6000416C4FEA1C614FEA426C4FEA1C624FEAE7
:106F7000436C4FEA1C63641C6D1C761C07F1010C0A
:106F80000CF0FF07082FC0DBF0BD0000F855002013
:106F900010B5244890ED000ADFED230AB4EE600A34
:106FA000F1EE10FA1DD090ED010ADFED1F0AB4EEEC
:106FB000600AF1EE10FA14D090ED000AB5EEC00AA6
:106FC000F1EE10FA11D190ED010AB5EEC00AF1EE22
:106FD00010FA0AD190ED020AB5EEC00AF1EE10FAED
:106FE00003D103201149087013E0114890F82200E2
:106FF000042803D102200D4908700AE00C4890F8DB
:107000002700012802D10949087002E00020074941
:1070100008700023012205490648006805F008FCB5
:1070200010BD0000245A00200000807F3C03002097
:1070300040680020AC02002010B5F2EE042A9FED5B
:10704000962ADFED951A9FED951ADFED950AB2EEBF
:10705000080A0021934800F0BAFDF2EE042A9FEDE1
:107060008E2ADFED8D1A9FED8D1ADFED8D0AB2EEBF
:10707000080A01218B4800F0AAFDF2EE042A9FEDD8
:10708000862ADFED851A9FED851ADFED850AB2EEBF
:10709000080A0221834800F09AFD01230022DFED57
:1070A0007F0A9FED810A11467E4800F07DFD012395
:1070B0000022DFED7A0A9FED7C0A1946794800F03C
:1070C00073FD01230022DFED750A9FED770A02218F
:1070D000744800F069FDDFED712A9FED742ADFED41
:1070E000741A9FED6E1ADFED6E0AB2EE0E0A0021E1
:1070F000704802F079FB01230022DFED680A9FED62
:107100006A0A11466B4802F037F9DFED642A9FEDF9
:10711000622ADFED611A9FED611ADFED610AB2EEBE
:10712000080A0121634802F05FFB01230022DFED22
:107130005B0A9FED5D0A19465E4802F01DF9DFED1E
:10714000572A9FED5D2ADFED5C1A9FED541ADFEDA3
:10715000540AB3EE020A0221564802F045FB01230D
:107160000022DFED4E0A9FED500A0221514802F045
:1071700003F9DFED4A2A9FED502ADFED4F1A9FED0C
:10718000471ADFED470AB3EE020A0321494802F02D
:107190002BFB01230022DFED410A9FED430A03216F
:1071A000444802F0E9F8DFED403A9FED3C3ADFED6C
:1071B000432A9FED432ADFED431A9FED381ADFED96
:1071C000370AB0EE040A04213F4800F0F5F8DFED7D
:1071D0003F3A9FED323ADFED3E2A9FED392ADFED4F
:1071E000391A9FED2E1ADFED2D0AB0EE040A0421A4
:1071F000384800F0E1F8DFED383A9FED383ADFED3E
:10720000382A9FED2F2ADFED371A9FED241ADFED84
:10721000230AB7EE080A0521334800F0CDF8DFED68
:107220001F3A9FED2E3ADFED312A9FED252ADFED43
:107230002D1A9FED1A1ADFED190AB7EE080A05217B
:107240002B4800F0B9F8DFED2B3A9FED143AF7EE3A
:10725000002A9FED292ADFED141A9FED101ADFEDA9
:107260000F0AB0EE000A0421244800F0A5F8DFED73
:10727000213A9FED0A3AF7EE002A9FED1F2ADFED33
:107280000A1A9FED061ADFED050AB0EE000A042186
:107290001B4800F091F810BD00008046000000007F
:1072A0008FC2753C485F0020CDCCCC3D0000FA4534
:1072B00000803B457062002000401C463333333F62
:1072C0000000B4438FC2F53DD85C0020AE47613D5D
:1072D00085EB513FE05E00200AD7A33C17B7513A37
:1072E0009A99993EB81E853D405D00209A99193FB4
:1072F000785E0020C3F5A83E00003443A85D00205E
:10730000105E002010B52DED068BB0EE408AF0EE39
:10731000608A0446204890ED000A204880ED000A6B
:107320001F4890ED000A1D4880ED010A90ED000A0B
:1073300038EE400AF0EE409A90ED010A38EEC00AAD
:10734000B0EE40AAF0EE690AB0EE4A0A02F0A2FDE1
:10735000B0EE409A134880ED009A1348D0ED000A31
:10736000B0EE490A114800F037F9F0EE40AA0E4895
:10737000D0ED000A0E4800F02FF90E4880ED000A0B
:1073800094ED000AD0ED000A30EE200A84ED000AE8
:10739000BDEC068B10BD00006002002054020020EE
:1073A000640200205C02002068020020D85C0020FB
:1073B000785E00202C02002080F84C1080ED140A2A
:1073C000C0ED150A80ED161AC0ED171A80ED182AC7
:1073D000C0ED002A80ED013AC0ED023A9FED054A6A
:1073E00080ED124A9FED034A80ED114A012280F898
:1073F000642070470000000010B52DED068BB0EE44
:10740000408A04462B4890ED020AF0EE400AB0EEA6
:10741000480A294800F0E0F8F0EE408A254890ED4F
:10742000050AF0EE400AB0EE680A244800F0D4F8ED
:10743000234880ED000A1F48D0ED020A70EEC80A0A
:10744000B0EE600A06F0CEF9DFED1E0AB4EEE00AF7
:10745000F1EE10FA16DB1A4890ED000AB1EE400A80
:1074600010EE100A06F04CFE41EC1A0B9FED160BC5
:1074700053EC102B06F05CFC41EC190B06F0C6F93E
:107480000F4908600B48D0ED020A70EEC80AB0EE52
:10749000600A06F0A7F90E4880ED000A94ED000A94
:1074A0000748D0ED000A30EE200A84ED000ABDEC5A
:1074B000068B10BD245A0020D85C0020405D0020BF
:1074C0002C020020000034439A9999999999A93F78
:1074D0004802002070B52DED068B04460D461C4871
:1074E00090ED020ADFED1B0A20EE200ADFED1A0AFA
:1074F00080EE20AAB0EE4A0A02F0F4FDB0EE408A17
:10750000134890ED020ADFED130A20EE200ADFEDAA
:10751000120A80EE20AAB0EE4A0A03F0BDF9F0EE9E
:10752000408A94ED000AB0EE409A95ED000AF0EE24
:10753000409A29EE080A09EEE80A84ED000A29EECD
:10754000280A09EE880A85ED000ABDEC068B70BD9D
:10755000245A0020DB0F49400000344310B5024696
:107560000B685B1CD35C0C68145D43EA042318B2FF
:107570000B689B1C0B6010BD10B502460B68D35CFA
:107580001C060B685B1CD35C44EA03440B689B1C21
:10759000D35C44EA03230C68E41C145D43EA040052
:1075A0000B681B1D0B6010BD30B50C0E15686B1CF5
:1075B00013604455C1F3074415686B1C13604455B0
:1075C000C1F3072415686B1C1360445515686B1CC8
:1075D0001360415530BD000010B52DED028B0446FF
:1075E000B0EE408AF0EE608AC4ED098A84ED068A26
:1075F00094ED060AD4ED090A30EE600A84ED0C0A17
:1076000094F8640001280AD194ED0C0A84ED0B0A69
:1076100094ED0C0A84ED0A0A002084F8640094EDCD
:10762000180AB5EEC00AF1EE10FA15D0D4ED0C0A26
:10763000B0EE600A06F0D6F8D4ED180AB4EEE00A0F
:10764000F1EE10FA08DD9FED870A84ED110A9FED37
:10765000850ABDEC028B10BD94ED170AB5EEC00A89
:10766000F1EE10FA13D0D4ED0C0AB0EE600A06F079
:10767000B9F8D4ED170AB4EEE00AF1EE10FA06D22A
:107680009FED780A84ED110A9FED760AE1E794F800
:107690004C0004287FD194ED000AD4ED0C0A20EEB2
:1076A000200A84ED0D0A94ED160AB5EEC00AF1EE3B
:1076B00010FA0AD194ED0E0AD4ED010A94ED0C1AD9
:1076C00000EE810A84ED0E0A1BE0D4ED0C0AB0EE48
:1076D000600A06F087F8D4ED160AB4EEE00AF1EE7F
:1076E00010FA0AD294ED0E0AD4ED010A94ED0C1AA8
:1076F00000EE810A84ED0E0A03E09FED5A0A84ED44
:107700000E0A94ED151AF0EE410A94ED151AB1EE39
:10771000411AB0EE410A04F1380006F03BF894ED4E
:107720000C0AD4ED0B0A30EE600AD4ED020A20EE0A
:10773000200A84ED0F0A94ED060AD4ED050A30EE16
:10774000600AD4ED030A20EE200A84ED100A94EDBD
:107750000D0AD4ED0E0A30EE200AD4ED0F0A30EEF9
:10776000200AD4ED100A30EE200A84ED110A94EDBF
:10777000141AF0EE410A94ED141AB1EE411AB0EE6B
:10778000410A04F1440006F005F894ED110A84ED75
:10779000120A4CE0FFE794F84C00052847D194ED1D
:1077A0000C0AD4ED0B0A30EE600AD4ED000A20EE8C
:1077B000200A84ED0D0A94ED010AD4ED0C0A20EEA6
:1077C000200A84ED0E0A94ED0C0AD4ED0B0AB0EEFB
:1077D000001A01EE600AD4ED0A0A30EE200AD4ED58
:1077E000020A20EE200A84ED0F0A94ED0D0AD4ED72
:1077F0000E0A30EE200AD4ED0F0A30EE200AD4ED46
:10780000120A30EE200A84ED110A94ED141AF0EEFB
:10781000410A94ED141AB1EE411AB0EE410A04F196
:10782000440005F0B7FF94ED110A84ED120A94EDBF
:107830000B0A84ED0A0A94ED0C0A84ED0B0A94ED10
:10784000080A84ED070A94ED090A84ED080A94ED0C
:10785000050A84ED040A94ED060A84ED050A94ED08
:10786000110AF6E60000000070B52DED028B04460B
:107870000D466878297840EA01202082207F38B3BD
:10788000208A00EE100AB8EE400AD4ED060A30EE67
:10789000600ADFED2A0AB4EEE00AF1EE10FA03D234
:1078A000206A401C20621CE0208A00EE100AB8EE1C
:1078B000400AD4ED060A30EE600ADFED210AB4EE8C
:1078C000E00AF1EE10FA0CDD206A401E206208E0AA
:1078D000208A00EE100AB8EE400A84ED020A012068
:1078E0002077208A00EE100AB8EE400A84ED060ADE
:1078F000218A206A01EB403000EE100AB8EEC00A7F
:10790000D4ED020A30EE600ABDEEC08A2068816ABA
:1079100020468847F8EEC80AC0EE808A2068C16910
:107920002046884700EE100AB8EE400AC8EE800AEA
:10793000C4ED050ABDEC028B70BD0000000080C5DF
:107940000000804570B52DED028B04460D46206881
:10795000C16A20468847B0EE408A2068C16A204646
:107960008847B1EE400AF0EE408AF0EE480A04F192
:107970000C0005F023FF94ED030ABDEEC00A10EEE3
:10798000100A02B22946204602F0D8F9BDEC028B5B
:1079900070BD70B504460D4620682946026A20462F
:1079A000904720682946426B20469047687929799C
:1079B00040EA012000B2E08470BD000070B50446CA
:1079C0000E4625463146284600F0AAF805460648E8
:1079D000286000BF2C46054828600020E08484F819
:1079E0002800204670BD000044E8000810E70008A9
:1079F00010B50446204602F06FF9044610BD0000A1
:107A000010B52DED088B82B00446B0EE409AF0EE32
:107A1000608A19EE100A06F073FB41EC1B0B9FED18
:107A2000370B53EC102B05F023FF41EC1A0B05F03C
:107A3000EDFE08EE100A9FED330A28EE800A10EEE4
:107A4000101A084606F05CFB41EC1B0B9FED2E0B59
:107A500053EC102B05F0C0FF41EC1A0B05F0D6FEDD
:107A600009EE900AF5EEC08AF1EE10FA14DDB0EEE0
:107A7000690A02F09EF9D4ED010A48EE400ACDED04
:107A8000010AB0EE690A02F0A0F9D4ED000A48EE4E
:107A9000400ACDED000A23E0F5EEC08AF1EE10FABF
:107AA00014D2B0EE690A02F084F9D4ED010A48EE6E
:107AB000400ACDED010AB0EE690A02F086F9D4ED74
:107AC000000A48EE000ACDED000A09E094ED000A34
:107AD0008DED000A94ED010A30EE480A8DED010AA1
:107AE0009DED000AB1EE400A8DED000A9DED000A01
:107AF000DDED010A02B0BDEC088B10BD00000000F6
:107B000000002F40DB0F494000000000008066406D
:107B1000CA788B7842EA032212B28284704700004E
:107B20000E4A026001719FED0E0A80ED020A9FED80
:107B30000C0A80ED030A002202829FED090A80ED03
:107B4000050A9FED070A80ED060A0277026200BF70
:107B5000044A02600022828470470000D8E60008D0
:107B60000000000058E7000800BF00BF00BF7047DA
:107B7000B0EE401A9FED050A60EE801A9FED040AF0
:107B800021EE002A81EE820A704700000000704258
:107B9000DA0FC94010B5044604F15801014805F058
:107BA0008FFB10BD9003002070B50446C1EB011699
:107BB00004F1DC0505EBC60080F8502080F8513058
:107BC00080ED050AC0ED080A00BF012070BD70B548
:107BD0002DED068B04460D46B0EE409AF0EE609A0D
:107BE000B0EE41AAB0EE618AF0EE428AF0EE62AAEF
:107BF000C5EB051204F1DC0101EBC200F0EE6A2ACC
:107C0000B0EE482AF0EE681AB0EE4A1AF0EE690AB1
:107C1000B0EE490A00F09EFD0120BDEC068B70BD60
:107C20000FB410B52DED0C8B0446204602F004F87D
:107C30009DED0F0AB5EEC00AF1EE10FA17DD9DEDCD
:107C40000F0AD4EDC10AB4EEE00AF1EE10FA0EDB31
:107C500094EDC10AD4EDB90AB0EE001A60EE810AC3
:107C600094ED001A00EE810A8DED0F0A1DE09DEDE6
:107C70000F0AB5EEC00AF1EE10FA16D29DED0F0A0A
:107C8000D4EDC10AB4EEE00AF1EE10FA0DD894ED8D
:107C9000C10AD4EDB90AB0EE001A60EE810A94ED83
:107CA000001A00EEC10A8DED0F0A9DED100AB5EE27
:107CB000C00AF1EE10FA3BDD9DED100AD4EDC20AC8
:107CC000B4EEE00AF1EE10FA32DB94ED000A10EEA9
:107CD000101A084606F014FA41EC1B0B94EDB90A91
:107CE00010EE101A084606F00BFA41EC1D0B9FED42
:107CF000AB0B53EC102B06F01BF841EC1C0B53ECB8
:107D00001B2B06F015F841EC190B94EDC20A10EE8E
:107D1000101A084606F0F4F941EC1A0B53EC192B33
:107D200005F0A6FD41EC180B05F070FD109041E048
:107D30009DED100AB5EEC00AF1EE10FA3AD29DEDB3
:107D4000100AD4EDC20AB4EEE00AF1EE10FA31D80E
:107D500094ED000A10EE101A084606F0D1F941EC35
:107D60001B0B94EDB90A10EE101A084606F0C8F97C
:107D700041EC1D0B9FED890B53EC102B05F0D8FF48
:107D800041EC1C0B53EC1B2B05F0D2FF41EC190B03
:107D900094EDC20A10EE101A084606F0B1F941EC53
:107DA0001A0B53EC192B06F0C1F841EC180B05F037
:107DB0002DFD109020220FA904F54170F8F7D0FB9B
:107DC000D4F8DC0204287CD1D4EDB80AB0EE600A05
:107DD000F3EE030A2046FFF7CBFEF0EE400A9DEDDE
:107DE000100AB1EE400A94EDBB1A20EE010A9DED97
:107DF0000F1AD4EDBB1A01EE210A9DED141AD4ED31
:107E0000BA1A01EE210A20EE800A84EDB00AD4ED00
:107E1000B80AB0EE600AF3EE030A2046FFF7A8FEA8
:107E2000F0EE400A9DED100AB1EE400A94EDBB1A47
:107E300020EE010A9DED0F1AD4EDBB1A01EE610A86
:107E40009DED141AD4EDBA1A01EE210A20EE800A33
:107E500084EDB20AD4EDB80AB0EE600AF3EE030A7C
:107E60002046FFF785FEF0EE400A9DED100A94EDE6
:107E7000BB1A20EE010A9DED0F1AD4EDBB1A01EEDC
:107E8000610A9DED141AD4EDBA1A01EE210A20EE12
:107E9000800A84EDB40AD4EDB80AB0EE600AF3EEBD
:107EA000030A2046FFF764FEF0EE400A9DED100A3B
:107EB00094EDBB1A20EE010A9DED0F1AD4EDBB1A0A
:107EC00000E00CE001EE210A9DED141AD4EDBA1A7F
:107ED00001EE210A20EE800A84EDB60A58E0D4EDC6
:107EE000B80AB0EE600AF3EE030A2046FFF740FE40
:107EF000DDED0F0A9DED141AD4EDBA1A41EE210AF8
:107F000020EE200A84EDB00AD4EDB80AB0EE600A83
:107F1000F3EE030A2046FFF72BFEF0EE400A9DED3C
:107F2000100AB1EE400A94EDC01A20EE010A9DED50
:107F30000F1AD4EDBF1A01EE610A9DED141AD4EDAB
:107F4000BA1A01EE210A20EE800A84EDB20AD4EDBD
:107F5000B80AB0EE600AF3EE030A2046FFF708FE07
:107F6000F0EE400A9DED100A94EDBD1A20EE010AD4
:107F70009DED0F1AD4EDBE1A01EE610A9DED141AA3
:107F8000D4EDBA1A01EE210A20EE800A84EDB40A7B
:107F9000BDEC0C8B10BC5DF814FB00000000000071
:107FA000000004400FB430B585B0044614220CA97B
:107FB0006846F8F7D5FA204609A90EC9FFF730FE42
:107FC000002536E005EB450101EBC50204F158013F
:107FD00001EB8200B0F9241000EE101AB8EEC00ACE
:107FE000C5EB051104F1DC0000EBC10080ED020AD5
:107FF00004F52F7000EBC50090ED010AC5EB0511EB
:1080000004F1DC0000EBC10080ED030AC5EB0512B2
:1080100004F1DC0101EBC20000F0A8FB05EB450018
:1080200000EBC50104F1580000EB810080ED030A6C
:108030006D1CD4F8DC02A842C4DC05B030BC5DF88D
:1080400014FB000070B52DED048B0446B0EE408AA1
:10805000F0EE608A0E46B0EE419A254620223C4959
:1080600005F10800F8F77CFA20223A4905F12800CA
:10807000F8F776FA00BF2C46012104F15800FFF70B
:108080009DFC022104F18400FFF798FC032104F118
:10809000B000FFF793FC042378222F4904F1DC00A1
:1080A00001F0DAFEA0F1DC040020C4F8DC029FED50
:1080B0002B0A84EDB80A9FED2A0A84EDB90A9FEDD8
:1080C000290A84EDBA0A9FED280A01F072FE84EDB8
:1080D000BB0A9FED250A01F078FE84EDBC0A9FEDF6
:1080E000230A01F066FE84EDBD0A9FED200A01F02F
:1080F0006CFE84EDBE0A9FED1E0A01F05AFE84ED6F
:10810000BF0A9FED1B0A01F060FE84EDC00A202229
:10811000184904F54170F8F723FA84EDB88A84ED24
:10812000B99AC4EDBA8AC4F8DC620120C4F8BC0272
:1081300002214FF43170015103214FF4337001518A
:1081400004214FF4357001512046BDEC048B70BD05
:1081500010E5000830E50008258A0008E3A59B3DEE
:10816000000000009318A43EDA0F493F910A063F31
:10817000910A863F50E5000810B504460423782292
:10818000064904F1DC00F8F7A3FA03232C22044982
:1081900004F15800F8F79CFA204610BD058B000842
:1081A000F179000810B52DED048B0446F0EE408AFD
:1081B000B0EE608AB0EE419A94ED120AB4EE480A2D
:1081C000F1EE10FA06D194ED110AB4EE680AF1EE60
:1081D00010FA07D02068816820468847C4ED118ACC
:1081E00084ED128A94F8210000287CD194F82000B4
:1081F000002879D184ED018AC4ED028A94ED090A40
:10820000F7EE000AB4EEE00AF1EE10FA16DC94ED97
:108210000A0AF7EE000AB4EEE00AF1EE10FA0DDCFD
:1082200094ED090AB5EEC00AF1EE10FA06D394ED0A
:108230000A0AB5EEC00AF1EE10FA08D29FED950ACF
:1082400084ED040A94ED040ABDEC048B10BD94ED9A
:10825000090AB5EEC00AF1EE10FA0DD194ED0A0A42
:10826000B5EEC00AF1EE10FA06D194ED0B0A84EDDA
:10827000040A94ED040AE7E7F4EE488AF1EE10FAF6
:1082800006D19FED840A84ED040A94ED040ADBE72D
:1082900078EE680AB0EE600A05F0A4FA84ED0C0AE4
:1082A00094ED0C0AD4ED090A20EE200A84ED0D0AA3
:1082B00094ED0C0AD4ED0A0A20EE200A84ED0E0A91
:1082C00094ED0C0AD4ED0D0A30EE600AD4ED0E0ADE
:1082D00030EE600A84ED0F0A94ED0B0A20EE000ADE
:1082E000D4ED030A01E0D1E03DE094ED031A00EE85
:1082F000C10AD4ED0D0AB0EE001A60EE810A80EEDC
:10830000201A84ED051A94ED0B0A20EE000AD4ED34
:108310000E0AB0EE001A60EE810A80EE201A84ED9B
:10832000061A38EE680AB5EEC00AF1EE10FA04DD5E
:10833000B4EEC89AF1EE10FA0BDC38EE680AB5EE2E
:10834000C00AF1EE10FA0BD2B4EEC89AF1EE10FAB0
:1083500006D29FED500A84ED040A94ED040A73E7F7
:10836000012084F8200038EE680AB5EEC00AF1EE6C
:1083700010FA08DD79EE680AB0EE600A05F032FA0C
:1083800084ED100A07E078EEC90AB0EE600A05F045
:1083900029FA84ED100A94ED100AD4ED0D0AB4EE1A
:1083A000E00AF1EE10FA16D2D4ED050AB0EE001A8A
:1083B00060EE810A94ED101A60EE810A94ED031AC2
:1083C000D4ED031A41EE210AB0EE600A01F009FD76
:1083D00084ED040A39E094ED0D0AD4ED0F0A30EE75
:1083E000200AD4ED100AB4EEE00AF1EE10FA04DD32
:1083F00094ED0B0A84ED040A27E094ED0B0A20EEBD
:10840000000AD4ED100A94ED0D1A70EEC10A94ED35
:108410000F1A70EEC10A94ED061AF0EE001A21EE62
:10842000211A01EE600AF0EE409AF5EEC09AF1EEE4
:1084300010FA03D29FED170AF0EE409AB0EE690AE7
:1084400001F0CFFC84ED040A00BF38EE680AB5EEF7
:10845000C00AF1EE10FA05D294ED040AB1EE400A1A
:1084600084ED040A79EE480AB0EE600A05F0BAF924
:10847000D4ED070AB4EEE00AF1EE10FA06D29FED51
:10848000050A84ED040A012084F8210094ED040A11
:10849000DAE6000000000000002180F8201080F8DB
:1084A000211070470E490160DFED0E2AC0ED032A4E
:1084B000DFED0C2AC0ED042A002180F8201080F89E
:1084C000211000BF0849016080ED090AC0ED0A0AC9
:1084D00080ED0B1AC0ED031A80ED072A70470000EB
:1084E00098E7000800000000ACE7000800B501466E
:1084F000B0EE402AB0EE420A084600F004F8084602
:1085000000F008F800BDD0ED010AC0ED020A80EDD0
:10851000010A704790ED010AD0ED000A20EE200A12
:10852000D0ED020A90ED001AF7EE001A31EEC11AF2
:1085300000EE810A7047000080ED000ADFED030ABB
:10854000C0ED020AC0ED010A704700000000000003
:1085500070B52DED0C8B0646B0EE409AF0EE609AA9
:10856000B0EE41AAF0EE61AA0C4639EE4A0AB0EE2E
:1085700040DA39EEEA0AF0EE408AF0EE4D0AB0EE4B
:10858000680A01F087FCB0EE408A9FED1E0A28EED3
:10859000000ADFED1D0A80EE201AB0EE418A9FED41
:1085A0001B0AB4EEC08AF1EE10FA06D89FED180A45
:1085B00038EE000AB0EE408A05E09FED160A38EE6C
:1085C000400AB0EE408A84ED018A6DEE0D0A48EE55
:1085D000A80AB0EE600A02F027FA10EE105A2846F8
:1085E00005F08EFD41EC1C0B9FED0B0B53EC102B9B
:1085F00005F09CFC41EC1B0B05F008F92060BDEC7C
:108600000C8B70BD00003443DB0F49400000B4C246
:10861000000087430000B442D7A3703D0AD7C33F90
:1086200070B52DED108B0546B0EE408A18EE100A9D
:1086300005F066FD41EC1D0B9FED270B53EC102B55
:1086400005F076FB41EC1B0BF0EE000AB0EE480A99
:1086500001F0F0FD10EE104A204605F051FD41EC0E
:108660001F0B9FED1F0B53EC102B05F061FB41EC32
:108670001D0BF0EE080AB0EE480A01F0DBFD10EE2B
:10868000104A204605F03CFD41EC1F0B9FED160BF8
:1086900053EC102B05F04CFB41EC1E0B53EC1D2B47
:1086A00005F0E6F841EC1C0B53EC1B2B05F03EFCEF
:1086B00041EC1A0B9FED0E0B53EC102B05F0D8F884
:1086C00041EC190B05F0A2F808EE900AB0EE680A2A
:1086D000BDEC108B70BD00004F1E166A3D53B440B8
:1086E000F1F44A59EEC9C040AA605452A74D94C053
:1086F0005D6DC5FE8636DE4010B5029C11B10AB133
:10870000022B00DA10BD032C03D1016082614360AB
:1087100008E0022C03D101610262436102E0816042
:10872000C261C36000BFEDE700210160416081606C
:10873000C160016141618161C16101624162816227
:10874000704780F8501080F8512080ED050AC0ED88
:10875000080A704700BF80ED0D0AC0ED0E0A80EDDB
:108760000F1AC0ED111A80ED102A704710B52DEDCB
:10877000048B0446204601F05FFA20B19FEDA70A62
:10878000BDEC048B10BD94ED000ADFEDA50AB4EE3C
:10879000E00AF1EE10FA03D29FEDA10A84ED000A7F
:1087A00094ED030AD4ED020A30EE600A84ED0C0A5F
:1087B000D4ED0C0AB0EE600A05F014F8D4ED120AFC
:1087C000B4EEE00AF1EE10FA06D29FED940A84EDC1
:1087D000040A94ED040AD3E7D4ED0C0AB0EE600A63
:1087E00004F11400FFF782FE84ED0C0A94F85100A6
:1087F00070B194ED0D0AD4ED0C0A20EE200AD4EDF0
:108800000D0A94ED151A00EEC10A84ED1B0A07E06B
:1088100094ED0D0AD4ED0C0A20EE200A84ED1B0A1B
:1088200094ED0E0AB5EEC00AF1EE10FA2CD094F8D1
:10883000510020B194ED0C0A84ED190A09E094ED81
:10884000190AD4ED0C0A94ED001A00EE810A84EDA9
:10885000190A94ED110AD4ED0E0A80EE201AF0EEFA
:10886000418A94ED110AB1EE400AD4ED0E0A80EE71
:10887000201AB0EE419AF0EE680AB0EE490A04F10F
:10888000640004F087FF03E09FED640A84ED190A99
:10889000D4ED0C0AB0EE600A04F0A4FFD4ED130A84
:1088A000B4EEE00AF1EE10FA16D294ED0E0AD4ED11
:1088B000190A20EE200A84ED1A0A94ED111AF0EE3E
:1088C000410A94ED111AB1EE411AB0EE410A04F1D9
:1088D000680004F05FFF03E09FED500A84ED1A0A80
:1088E0009FED4E8A94F8500010B394F8510090B167
:1088F00094ED020AD4ED180A30EE200AD4ED170ADE
:10890000B0EE001A01EE600AD4ED000A80EE201AE3
:10891000B0EE418A2EE094ED020AD4ED170A30EE53
:10892000600AD4ED000A80EE201AB0EE418A21E000
:1089300094F8510090B194ED0C0AD4ED160A30EE83
:10894000200AD4ED150AB0EE001A01EE600AD4ED4B
:10895000000A80EE201AB0EE418A0BE094ED0C0A7A
:10896000D4ED150A30EE600AD4ED000A80EE201A2C
:10897000B0EE418AB0EE480A04F12000FFF7B6FDE0
:10898000B0EE408A94ED0F0A20EE080A84ED1C0A2E
:1089900094ED150A84ED160A94ED0C0A84ED150A7F
:1089A00094ED170A84ED180A94ED020A84ED170A73
:1089B00094F8510080B194ED1B0AD4ED1A0A30EE00
:1089C000200AD4ED1C0A30EE200AD4ED1D0A30EE48
:1089D000200A84ED040A0BE094ED1B0AD4ED1A0A78
:1089E00030EE200AD4ED1C0A30EE200A84ED040A91
:1089F00094ED040A84ED1D0A94ED101AF0EE410A7C
:108A000094ED101AB1EE411AB0EE410A04F11000D3
:108A100004F0C0FE94ED040AB2E60000000000007D
:108A2000BD37863510B504469FED340A84ED020A41
:108A30009FED320A84ED030A9FED300A84ED040AAB
:108A4000B7EE000A04F11400FFF776FDA0F114045C
:108A5000B7EE000A04F12000FFF76EFDA0F120043C
:108A6000002084F82C009FED250A84ED0C0A9FED70
:108A7000230A84ED0D0A9FED210A84ED0E0A9FED75
:108A80001F0A84ED0F0A9FED1D0A84ED100A9FED69
:108A90001B0A84ED110A9FED190A84ED120A9FED5D
:108AA000180A84ED130A84F8500084F851009FEDF1
:108AB000130A84ED150A9FED110A84ED160A9FED45
:108AC0000F0A84ED170A9FED0D0A84ED180A9FED39
:108AD0000B0A84ED190A9FED090A84ED1A0A9FED2D
:108AE000070A84ED1B0A9FED050A84ED1C0A9FED21
:108AF000030A84ED1D0A204610BD0000000000009E
:108B00000000C84300F1200100BFA1F120000C3992
:108B100000BFA1F11400704770B504460D462879D6
:108B200084F8270094F827002179884209D16868E1
:108B3000C0F30F202085206805F11C01C268204683
:108B4000904770BDCA798B7942EA032200EE102A61
:108B5000B8EEC00ADFED030A80EE201A80ED051A98
:108B6000704700000000484270B504460D460020E2
:108B7000E06204F12C012846FEF7FEFC00B2A0845E
:108B800004F12C012846FEF7E9FC00EE100AB8EECD
:108B9000C00ADFED0B0A20EE200A84ED0C0A04F176
:108BA0002C012846FEF7DAFC00EE100AB8EEC00AE7
:108BB000DFED040A80EE201A84ED0D1A70BD00006E
:108BC0000000C84200007A4438B504460D4608202B
:108BD000287394F8260006285ED2DFE800F05D03D3
:108BE0001425384C00200090207940F44070A86093
:108BF00094ED030ABDEEC00A10EE101A6A4628462C
:108C0000FEF7D2FC49E000200090207940F480700B
:108C1000A86094ED030ABDEEC00A10EE101A6A4671
:108C20002846FEF7C1FC38E0002000902079A860BB
:108C300094ED030ADFED1A0A20EE200ABDEEC00A09
:108C400010EE101A6A462846FEF7AEFC25E000201A
:108C50000090207940F48060A86094ED030ABDEE96
:108C6000C00A10EE100A0F4A00FB02F16A462846BD
:108C7000FEF79AFC11E000200090207940F400708B
:108C8000A86094ED030ABDEEC00A10EE101A6A4601
:108C90002846FEF789FC00E000BF00BF38BD000099
:108CA0000050C34740420F0070B504460D46208D6A
:108CB000092802D010280CD105E020682946426B13
:108CC0002046904706E020682946026A20469047E1
:108CD00000E000BF00BF70BD1A4A02600A7902714D
:108CE00091ED020A80ED020A91ED030A80ED030A7C
:108CF0000A8A028291ED050A80ED050A91ED060AC5
:108D000080ED060A0A7F02770A6A02620E4A026052
:108D10008A8C82840D4A026091F8262080F82620F1
:108D200091F8272080F827200A8D0285CA6AC2623E
:108D300091ED0C0A80ED0C0A91ED0D0A80ED0D0A03
:108D400070470000D8E6000858E70008C0E70008B0
:108D500070B504460D4629462046FEF7E1FE04465E
:108D6000064820600020E0629FED050A84ED0C0AB1
:108D70009FED030A84ED0D0A204670BDC0E7000890
:108D80000000000010B504462046FEF7EDFE044644
:108D9000204610BD70B504460D461646B54209D1B1
:108DA000E069A0612C4800688047E061A08B218BBE
:108DB000401AA08494F8200001283FD1A08C40F6EE
:108DC0003401884208DB012004F8200F0020607085
:108DD0000120A070203C3DE0A08C40F2B6318842DA
:108DE00028DBA08C40F60201884223DCA18C94F899
:108DF0002120501C84F8210004F1260020F81210D4
:108E000094F82100082825DBE08C2082208D6082E8
:108E1000A08DA082608DE082E08D2081208E608117
:108E2000608EA081A08EE081002084F8200084F86C
:108E300021000FE0002084F820000BE0A08C40F619
:108E40003401884206DB012004F8200F0020607006
:108E5000A070203C70BD00008401002070B52DED95
:108E6000028B04460E46B0EE408A94F89C0578BB0F
:108E7000204600F059FD002527E0C5EB051204F55A
:108E8000707101EBC20000220121DFED570A9FED56
:108E9000560AFFF756FCC5EB051204F5707101EB9D
:108EA000C200DFED512A514991ED002A5049D1ED20
:108EB000001A504991ED001A4F49D1ED000A4F496F
:108EC00091ED000AFFF746FC6D1C022DD5DB87E013
:108ED000FFE7002E41D084EDF38A04F1600000F03A
:108EE00012FF84EDF20A04F57070FFF73FFC84ED89
:108EF000B70A04F1600000F012FF00EE100AB8EEAD
:108F0000C00A84EDB60A04F53470FFF72FFC84ED37
:108F10001B0AB1EE480A04F5707080ED210A04F1D5
:108F20008C0000F0F0FE04F5707080ED200A7830BF
:108F3000FFF71CFC84EDD50A04F18C0000F0EFFE75
:108F400000EE100AB8EEC00A84EDD40A04F552709F
:108F5000FFF70CFC84ED260A42E09FED290A84ED20
:108F6000F30A04F1600000F0CEFE84EDF20A04F58D
:108F70007070FFF7FBFB84EDB70A04F1600000F0AE
:108F8000CEFE00EE100AB8EEC00A84EDB60A04F573
:108F90003470FFF7EBFB84ED1B0A9FED190A04F513
:108FA000707080ED210A04F18C0000F0ACFE04F535
:108FB000707080ED200A7830FFF7D8FB84EDD50A79
:108FC00004F18C0000F0ABFE00EE100AB8EEC00A0F
:108FD00084EDD40A04F55270FFF7C8FB84ED260A2D
:108FE000BDEC028B70BD0000CDCCCC3DE401002077
:108FF000E0010020DC010020D8010020D401002085
:109000000000000010B52DED028B0446B0EE408A42
:1090100094F89C0510BB204600F086FC002201213C
:10902000DFED290A9FED280A04F5F070FFF789FBB0
:10903000DFED262A264890ED002A2648D0ED001ABA
:10904000254890ED001A2548D0ED000A244890EDFF
:10905000000A04F5F070FFF77DFB32E094ED580A4A
:10906000B4EEC80AF1EE10FA04D294ED580AB0EE4C
:10907000408A08E0B5EEC08AF1EE10FA03D29FED07
:10908000190AB0EE408A84ED7B8A04F1080000F0F2
:109090003AFE84ED7A0A04F5F070FFF767FB84ED81
:1090A0005D0A04F1080000F03AFE00EE100AB8EE86
:1090B000C00A84ED5C0A04F5B470FFF757FB84ED39
:1090C000050ABDEC028B10BDCDCCCC3D0AD7233CAC
:1090D000AC010020A8010020A4010020A001002074
:1090E0009C0100200000000070B52DED068B0446A9
:1090F0000E461546B0EE408A94F89C0500287CD0B8
:10910000204600F099FDEDB3002009E00122C0EBFC
:10911000C00304F1B80101EBC30181F82620401C13
:109120000328F3DBB5EEC08AF1EE10FA12DD04F588
:10913000806090ED680AB4EEC80AF1EE10FA09D822
:1091400090ED680AD0ED690A94ED001A00EE810AEC
:10915000B0EE408AB7EE000A28EE000A84ED3F0A1E
:10916000B1EE480A84ED4D0A9FED7C0A28EE000A14
:1091700084ED310A94F8AC0540B903F045FEC4F81B
:10918000A80500E008E0012084F8AC050020C4F840
:10919000B00584F8B4057FE094F8B40530B903F065
:1091A00033FEC4F8B005012084F8B405002084F82B
:1091B000AC05C4F8A80503F027FE94F8B415401ACE
:1091C000B0F5487F46D2002009E00122C0EBC00381
:1091D00004F1B80101EBC30181F82620401C0328EB
:1091E000F3DBB5EEC08AF1EE10FA14D804F5806016
:1091F00090ED680AB4EEC80A00E088E0F1EE10FADB
:1092000009DB90ED680AD0ED690A94ED001A00EED2
:10921000C10AB0EE408A18EE100A04F071FF41EC6A
:109220001A0B9FED4F0B53EC102B04F081FD41EC1A
:10923000190B04F0EBFAC4210851B1EE480ADFED36
:109240004A0A30EE200A84ED3F0AB1EE480A84ED66
:109250004D0A21E003F0D8FD94F8B415401AB0F59A
:10926000487F19D3002015E00522C0EBC00304F1AC
:10927000B80101EBC30181F8262004F5806191ED6E
:109280006E0AC0EBC00204F1B80101EBC20181ED2E
:10929000030A401C0328E7DB04F5806080ED688A40
:1092A000B6B3ADB303F0B0FDD4F8A815411A2F48FA
:1092B00090ED000ABCEEC00A10EE100A4FF47A726C
:1092C0005043B0FBF2F0814245D304F1340000F08A
:1092D0001AFDF0EE408AB0EE681ADFED250A9FED28
:1092E000250A04F59660FEF75DFF84ED990A04F106
:1092F000340000F014FD00EE100AB8EEC00A84ED50
:10930000980A04F51670FFF731FA84ED100A22E08E
:10931000FFE704F1340000F0F6FCF0EE408AB0EE16
:10932000681ADFED140A9FED120A04F59660FEF745
:1093300039FF84ED990A04F1340000F0F0FC00EEEE
:10934000100AB8EEC00A84ED980A04F51670FFF70B
:109350000DFA84ED100ABDEC068B70BD9A99593F49
:10936000333333333333EB3F00803B45B0010020D0
:1093700000007AC4000000002DE9F0412DED028BC1
:1093800004460D46B0EE408AF0EE608A16461F464F
:1093900035B1012D0FD0022D18D0032D2CD120E096
:1093A0003A463146F0EE680AB0EE480A04F5B47069
:1093B000FFF7C7F921E03A463146F0EE680AB0EE11
:1093C000480A04F51670FFF7BCF900BF3A4631466B
:1093D000F0EE680AB0EE480A04F57070FFF7B1F9D4
:1093E00000BF3A463146F0EE680AB0EE480A04F58E
:1093F0008760FFF7A6F900BF00BF00BFBDEC028B7E
:10940000BDE8F08170B52DED068B04460D4616467D
:10941000B0EE408A94F89C0500287DD0204600F0EC
:109420000BFC012D79D1002E77D1002009E001221B
:10943000C0EBC00304F1B80101EBC30181F82620A1
:10944000401C0328F3DBB5EEC08AF1EE10FA12DD02
:1094500004F5806090ED710AB4EEC80AF1EE10FADE
:1094600009D890ED710AD0ED690A94ED001A00EE6A
:10947000810AB0EE408A9FEDD40A28EE000A84EDFE
:109480003F0AB1EE480ADFEDD00A20EE200A84ED53
:109490004D0AB1EE480ADFEDCD0A20EE200A84ED38
:1094A000310A94F8C00530B903F0AEFCC4F8BC052D
:1094B000012084F8C005002084F8CC05C4F8C80554
:1094C00003F0A2FCD4F8BC15411AC14890ED000A83
:1094D000BCEEC00A10EE100A4FF47A725043B0FB93
:1094E000F2F0814224D304F1340000F00CFCF0EEE1
:1094F000408AB0EE681ADFEDB70A9FEDB70A04F5AF
:109500009660FEF74FFE84ED990A04F1340000F0F6
:1095100006FC00EE100A01E053E10EE0B8EEC00ACE
:1095200084ED980A04F51670FFF720F984ED100A0F
:1095300004F5806080ED718A43E1002D7DD1002E1D
:109540007BD094F8CC0530B9012084F8CC0503F029
:109550005BFCC4F8C80503F057FC94F8B415401A36
:10956000B0F5FA7F42D2002009E00122C0EBC0032F
:1095700004F1B80101EBC30181F82620401C032847
:10958000F3DBB5EEC08AF1EE10FA12D804F5806074
:1095900090ED710AB4EEC80AF1EE10FA09DB90ED15
:1095A000710AD0ED690A94ED001A00EEC10AB0EE1E
:1095B000408A18EE100A04F0A3FD41EC1A0B9FED4F
:1095C000870B53EC102B04F0B3FB41EC190B04F0A8
:1095D0001DF9C42108519FED830A38EE000A84ED7D
:1095E0003F0AB1EE480A84ED4D0A21E003F00CFC7D
:1095F00094F8B415401AB0F5487F19D3002015E04F
:109600000522C0EBC00304F1B80101EBC30181F8EE
:10961000262004F5806191ED6E0AC0EBC00204F1D2
:10962000B80101EBC20181ED030A401C0328E7DB0E
:1096300004F1340000F067FB00E01EE0F0EE408A29
:10964000B0EE681ADFED640A9FED620A04F59660D9
:10965000FEF7A8FD84ED990A04F1340000F05FFBE9
:1096600000EE100AB8EEC00A84ED980A04F51670F0
:10967000FFF77CF884ED100AA3E094F8CC0530B92C
:10968000012084F8CC0503F0BFFBC4F8C80503F043
:10969000BBFB94F8B415401AB0F5487F44D20020C3
:1096A00009E00122C0EBC00304F1B80101EBC301E2
:1096B00081F82620401C0328F3DBB5EEC08AF1EECA
:1096C00010FA12D804F5806090ED710AB4EEC80A61
:1096D000F1EE10FA09DB90ED710AD0ED690A94ED14
:1096E000001A00EEC10AB0EE408AB1EE480A10EE50
:1096F000100A04F005FD41EC1A0B9FED380B53ECFA
:10970000102B04F015FB41EC190B04F07FF8C42179
:1097100008519FED340A38EE000A84ED3F0AB1EE9D
:10972000480A84ED4D0A21E003F06EFB94F8B4156D
:10973000401AB0F5487F19D3002015E00522C0EB90
:10974000C00304F1B80101EBC30181F8262004F540
:10975000806191ED6E0AC0EBC00204F1B80101EB2B
:10976000C20181ED030A401C0328E7DB04F5806099
:1097700080ED718A04F1340000F0C5FAF0EE408A01
:10978000B0EE681ADFED140A9FED120A04F5966038
:10979000FEF708FD84ED990A04F1340000F0BFFAE9
:1097A00000EE100AB8EEC00A84ED980A04F51670AF
:1097B000FEF7DCFF84ED100A0020C4F8BC0584F835
:1097C000C005BDEC068B70BD9A99993FCDCCCC3DC0
:1097D000B001002000007AC40000000033333333AE
:1097E0003333EB3F00803B4570B52DED068B0446CF
:1097F0000D46B0EE408AF0EE608AB0EE419AF0EE8F
:10980000619AB0EE42AAF0EE62AA35B1012D15D0F0
:10981000022D24D0032D44D132E0F0EE6A2AB0EEBE
:109820004A2AF0EE691AB0EE491AF0EE680AB0EE74
:10983000480A04F5B470FEF78DFF33E0F0EE6A2AB3
:10984000B0EE4A2AF0EE691AB0EE491AF0EE680A54
:10985000B0EE480A04F51670FEF77CFF00BFF0EE8C
:109860006A2AB0EE4A2AF0EE691AB0EE491AF0EE12
:10987000680AB0EE480A04F53470FEF76BFF00BFCB
:10988000F0EE6A2AB0EE4A2AF0EE691AB0EE491AF2
:10989000F0EE680AB0EE480A04F55270FEF75AFF7F
:1098A00000BF00BF00BFBDEC068B70BD10B5044605
:1098B00004F10801194803F0D5FD19480068012892
:1098C00005DA04F1B801174803F09EFE1FE01448C2
:1098D0000068012809DB12480068022805DA04F153
:1098E000F001104803F090FE11E00D4800680228D6
:1098F00009DB0B480068032805DA04F59471094870
:1099000003F082FE03E04FF0FF3005490860044891
:109910000068401C0249086010BD00009003002050
:10992000F0010020B803002010B504462548007857
:1099300000F0010078B9234800F0A0FA58B122489D
:10994000006880474FF47A71B0FBF1F01F4908605E
:109950001C48AFF300801C48006880474FF47A71C0
:10996000B0FBF1F019490968401AB0F57A7F15D9B2
:1099700004F1080000F0B8F984ED040A04F13400A1
:1099800000F0B2F984ED0F0A04F1600000F0ACF9C8
:1099900084ED1A0A012084F89C0512E09FED0C0A60
:1099A00084ED050A9FED0B0A84ED100A9FED0A0A6B
:1099B00084ED1B0A9FED090A84ED260A002084F835
:1099C0009C0510BDF401002084010020F801002056
:1099D000000048C300007A440000FA430000FAC3C4
:1099E00010B52DED048B0446B0EE408AF0EE608A8F
:1099F000B0EE419A052104F10800FDF7DFFF0621D2
:109A000004F13400FDF7DAFF072104F16000FDF7EF
:109A1000D5FF082104F18C00FDF7D0FF652104F18A
:109A2000B800FFF795F9662104F1F000FFF790F90F
:109A3000672104F59470FFF78BF99FED580A84EDC8
:109A4000580A9FED560A84ED590A04F5B470FEF7E2
:109A5000E9FFA0F5B47404F5F070FEF7E3FFA0F59C
:109A6000F07404F51670FEF7DDFFA0F516740223FE
:109A700078224B4904F5347000F0EEF9A0F5347407
:109A800002237822464904F5707000F0E5F9A0F54C
:109A90007074B7EE002ADFED431A9FED431ADFED35
:109AA000430A9FED420A04F59660FEF7FBFCA0F521
:109AB0009664B6EE002ADFED3E1A9FED3E1ADFED0A
:109AC0003E0A9FED3E0A04F2FC40FEF7EBFCA0F2DA
:109AD000FC44B2EE042ADFED361A9FED391ADFEDB1
:109AE000330A9FED320A04F5A960FEF7DBFCA0F50E
:109AF000A9649FED2A0A04F5806080ED650A9FED58
:109B0000270A80ED660A002084F89C059FED230A51
:109B100004F5806080ED680A9FED200A80ED690AF7
:109B20000020C4F8A80584F8AC05C4F8B00584F892
:109B3000B4059FED240A04F5806080ED6E0A0020D4
:109B4000C4F8BC0584F8C0059FED140A04F58060D4
:109B500080ED710A0020C4F8C80584F8CC0584EDB6
:109B6000588AC4ED598A04F5806080ED699A9FEDAA
:109B70000B0A80ED660A002013490870012184F861
:109B8000DE1084F8161184F84E119FED040A84ED5E
:109B9000310A2046BDEC048B10BD0000000000001F
:109BA000258A00080000C84200A00C46CDCC4C3EDF
:109BB000000048430080BB443333B33E9A99193EBA
:109BC0000000FA4500409C452C03002010B50446D7
:109BD00002237822154904F57070F6F779FD022307
:109BE0007822124904F53470F6F772FD04F5167008
:109BF000FEF788FFA0F516747838FEF783FFA0F50E
:109C0000F0747838FEF77EFFA0F5B4740323382291
:109C10000749B038F6F75CFD04232C22054904F10E
:109C20000800F6F755FD204610BD0000058B000822
:109C3000858D0008F179000870B5044600251A48A2
:109C4000006858B3606828B91748006880476060AA
:109C5000012070BD14480068804705466068A8422E
:109C600009D9681E6168401A00EE100AB8EE400A71
:109C700084ED000A07E06068281A00EE100AB8EECA
:109C8000400A84ED000A656094ED000ADFED070AE2
:109C900020EE200A84ED000A0020DAE79FED040A96
:109CA00084ED000A0120D4E784010020BD37863509
:109CB00000000000014619B1024801600120704710
:109CC0000020FCE78401002010B504462046FDF783
:109CD0004BFF0446204610BD10B504462046FDF754
:109CE00043FF0446204610BD018A00EE101AB8EE6C
:109CF000400A70479FED010A70470000610BB641B2
:109D000001460120704790ED050A70479FED010A5A
:109D1000704700000000804601461320704701464E
:109D2000B1F92400704701460120704701464FF405
:109D300000707047014640F2FF10704770B504464E
:109D40000D4616462079042816DC2079002813DDFC
:109D5000C6F3072021790222C2EB41016854207921
:109D60000122C2EB40002E542068C16B2046884778
:109D7000A8600820287318E02079082815DC2079CD
:109D8000042812DDC6F3072021790A22C2EB410123
:109D9000685420790922C2EB40002E542068816B60
:109DA00020468847A8600820287370BD014600201F
:109DB000704710B52DED028BB0EE408AB0EE480A28
:109DC00000F090F9BDEC028B10BD10B52DED028BAB
:109DD000B0EE408AB0EE480A00F05EFDBDEC028BAA
:109DE00010BD10B52DED028BB0EE408AB0EE480AE2
:109DF00000F01AFEBDEC028B10BD4100080218BF36
:109E000004200A0E18BF40F001004FF07F4232EAF2
:109E1000010108BF40F00200012808BF052070477B
:109E200002480068C0F30220704700000CED00E01B
:109E300010B5002804DB0A07130E054A135406E088
:109E40000A07140E034A00F00F031B1FD45410BD61
:109E500000E400E018ED00E02DE9F0411C46174653
:109E60000E00804607D0054602E02846B0473D4434
:109E70002046641EF9D24046BDE8F081016809B170
:109E8000002070470121016008467047EFF305800C
:109E90007047000010EE100A10B510EE901A4FF047
:109EA000684202EB40032DED028BB3F1654F3CBFDE
:109EB00002EB4102B2F1654F7CD200BFC0F3C75341
:109EC000C1F3C7529A1A1B2A09DD10F0004F14BFC4
:109ED0009FED6E0A9FED6E0ABDEC028B10BD12F174
:109EE0001A0F1BDA11F0004F09D010F0004F0CBF11
:109EF0009FED680A9FED680ABDEC028B10BD80EEF5
:109F0000208A18EE100AFFF778FF042808BF00F037
:109F1000C9FDB0EE480ABDEC028B10BD4200B2EBA9
:109F2000410F37D910F0004F19BFDFED5C1A9FEDDC
:109F30005C1ADFED5C1A9FED5C1AB0EE602A0A46EF
:109F4000F1EE400A80F00041B0EE420A10460A1AD3
:109F50005200B2F1807F34D2484010F0004FDFED64
:109F6000532A9FED533A1DBFBEEE002A71EEE21A4E
:109F700031EE431AB6EE002A04BF71EEA21A31EE9A
:109F8000031AF0EE402A42EE602A40EE020A82EE08
:109F9000A02A18E011F0004F04BF9FED461AF0EE22
:109FA000411AD4D010F0004F1CBFDFED431A9FEDD3
:109FB000431A00E026E004BFDFED411A9FED411A8D
:109FC000C5E780EE202A22EE020ADFED3F0ADFED30
:109FD0003F2ABDEC028B40EE202ADFED3D0A40EE29
:109FE000220ADFED3C2A40EE202ADFED3B0A40EE5C
:109FF000220A22EE000A00EE201A31EE020A30EEAA
:10A00000210A10BD4FF07F42B2EB400F28BFB2EBE8
:10A01000410F05D2BDEC028BBDE8104000F02FBD12
:10A0200040EA01035B0008BF41F0FF410BD0B2EBF7
:10A03000400F08BFB2EB410F08D120F0804000EE86
:10A04000100A21F0804100EE901A37E7B2EB400F82
:10A0500012BF5FEA410240F0FF4001F000413FF4CF
:10A060002DAF4A0092EA40033FF528AF002AACBF6B
:10A070009FED1A1A9FED1A1A20EE010A60EE810A6E
:10A0800010EE100A10EE901A18E70000DB0FC9BF9F
:10A09000DB0FC93FDB0F4940DB0F49C00000C9BFE0
:10A0A00022AAFDB90000C93F22AAFD390060ED3E99
:10A0B000C30ACE3700000000000049C022AA7DBAC2
:10A0C0000000494022AA7D3A2DAD65BD8FB8D53D2F
:10A0D0000FB511BE61C84C3EA8AAAABE0000804FB1
:10A0E0000000802F10EE101A08B5444A6846B2EB03
:10A0F000410F28D94FF0E640B0EB410F94BF00204C
:10A100004FF0FF3000900098002861DB60EE000AFD
:10A1100010F0010F45D010F0020FDFED391A9FED5E
:10A12000391A00EEE11ADFED381A40EE811A21EEFD
:10A13000A01AF0EE400A40EE010A08BFF1EE600AF4
:10A14000B0EE600A08BD314B21F0004293423CD989
:10A1500011F0004FDFED2E0A20EE201ADFED2D0A60
:10A1600019BF31EE601A71EE200A31EE201A71EE3D
:10A17000600ABDEEE01A11EE100A9FED271A00F0FA
:10A18000030000EEC10A9FED251A009000EEC10AFF
:10A190009FED231A00EEC10A9FED221A00EEC10ABC
:10A1A000B1E79FED211A9FED210A10F0020F00EE9A
:10A1B000810A9FED1F1A00EE801AB7EE000A00EE2A
:10A1C000810A18BFB1EE400A08BD00F073FC9AE79F
:10A1D00010EE100A4000B0F17F4F3CBFB7EE000A0E
:10A1E00008BD07D14FF00100F6F7EFFABDE80840CF
:10A1F00000F048BCBDE8084000F03EBCB61F927EAF
:10A20000336D4C39DA82083CA0AA2ABE490E494671
:10A2100083F9223F0000004B0000C93F00A0FD3938
:10A220000020A2331A61342CB93AB2BACA9F2A3D2F
:10A23000DDFFFFBE10B510EE100A2DED068BB7EE58
:10A24000001A10EE901AB0EE418A0022A0F5000C20
:10A25000DFEDFE9A4FF00073BCF1FE4F4FF07F44EC
:10A2600003EB410C80F0B481BCF1804FC0F0208240
:10A27000F74901449FEDF73AB1F5005F40F2D4820F
:10A2800000F58021CB0C03F00F0101EE901AC3F30F
:10A2900007137F3BA0EBC350B8EEE12A00EE100A93
:10A2A0001A44DFEDED2AF0EE411A42EE221AF0EEEA
:10A2B000613A70EE232A30EE632A12EE900A00F51E
:10A2C00000606FF30B0001EE900A73EEE13A33EE9B
:10A2D000804AC1EE223A22EE230A10EE100A00F55F
:10A2E00000606FF30B0000EE100A00EE612A00EE32
:10A2F000442A62EE232A70EE221A21EEA12ADFED13
:10A30000D73A02EE233A23EE023A20EE012A22EE59
:10A31000811A03EE211A32EE010A10EE100A00F53E
:10A3200000606FF30B0000EE100A72EE401A31EE7F
:10A33000812A9FEDCB1A60EE011A9FEDCA1A20EE1A
:10A34000011A9FEDC90A02EE001A31EE810A10EEE1
:10A35000100A00F500606FF30B0000EE100AC3480E
:10A3600071EEC01A31EE812A784400EBC10090ED05
:10A37000003AD0ED011A100101EE100AF8EEC12AE0
:10A3800032EE211A31EE001A31EE031A31EE221AA2
:10A3900011EE100A00F500606FF30B0009EE100AD1
:10A3A00039EE621A31EE431A31EE400A30EE610A9C
:10A3B00032EE40AA10EE900A002100F500606FF323
:10A3C0000B0008EE900A084670EEE8AA4FF0000075
:10A3D00029EE280A00F00C01F0EEC00A10EE900AF7
:10A3E000B0F18B4F0DDD10EE900AB4EB400F08D3A7
:10A3F00010EE100A4FF08B4262F31E0008EE900A36
:10A4000013E069EE2A0A38EEAA1A4AEE010A30EE83
:10A41000201A11EE100A00F500606FF30B0008EE31
:10A42000900A30EE680A70EE209A0C204FF000007F
:10A4300038EEA90AB5EEC00AF1EE10FA34BFFEEE0E
:10A44000000AF6EE000A30EE800ABDEEC00A10EEF9
:10A45000100A011100EE101AF8EEC00A00EE100A00
:10A46000B8EEC00A38EEC00A30EE290ADFED801AD5
:10A470009FED801A00EE211ADFED7F1A7F4900F070
:10A480000F0040EE011A21EE800A794401EB8001B1
:10A4900091ED001A7A49794401EB8001D1ED001A5F
:10A4A000784901EE801A794401EB8000764990EDFD
:10A4B000000A31EE001AB0EEE00A10EE100A8842EF
:10A4C00015DA10EE100AB4EB400F10D39FED6F0AAF
:10A4D00030EE800ADFED6E0A20EE200A68EE010AF7
:10A4E000BDEC068BBCEEC00A20EE200A10BD10EEBB
:10A4F000100A6849884243DA10EE100AB4EB400FA4
:10A500003ED3BDEEE00A68EE010A10EE100A00EB41
:10A51000D0725110C90501F17E5100EE101AA0EB66
:10A520006200C00560EE200A00F17E5000EE100AC5
:10A5300060EE808A18EE900AB4EB400F0FD1022033
:10A54000F6F743F900F0A6FA10EE101A18EE100A0A
:10A55000BDEC068B61F31E0000EE100A10BD18EE74
:10A56000900A400011D018EE900AFFF746FC04282C
:10A5700008BF00F097FAB0EE680ABDEC068B10BD7C
:10A58000F5EEC00AF1EE10FA0FD20220F6F71DF92F
:10A5900000F088FA10EE101A18EE100ABDEC068BC7
:10A5A00061F31E0000EE100A10BD0220F6F70DF94F
:10A5B00000F070FA10EE101AB0EE480A10EE100A11
:10A5C000BDEC068B61F31E0000EE100A10BD00BF4B
:10A5D000BCF1804F6CD300BF00F1FF43B3F1FE4FDD
:10A5E00024D200BFB0EEC00A10EE100AC1F3C75368
:10A5F0007F2B0DDB972BBFF63BAEC3F196034FF0DD
:10A60000010C0CFA03F3A3F1010C1CEA010F08D0B2
:10A610000120F6F7DAF8BDEC068BBDE8104000F03B
:10A6200031BA0B4218BFBFEE008A21E643001CBFBF
:10A630004FF08073B3EB400F34D96FF01A02DFEDA7
:10A64000161A20EE210A10EE100A27E00000000082
:10A65000001080C0ABAAAA3E0000803D7EE24C3EC6
:10A6600000B03842D49AB8BB3BAA3842044200003A
:10A67000FC596337C9FF753A1872313DA241000099
:10A68000D6410000464100000000FC420000FE42AE
:10A690000000004B000040430000004D10F0004F50
:10A6A000A0D1E5E5A0F50003B3F1FE4F21D2DFE52F
:10A6B00003EB4103B3F1007F11D3F5EEC00AF1EED5
:10A6C00010FA05D1430018BFB4EB400F76D883E7EA
:10A6D00001F0004141F0FC5100EE901A7CE7B3F12B
:10A6E000807F06D210EE903AA3F5000300EE903A78
:10A6F00072E720F000426FF0FF4C604C02EB0C035D
:10A70000A34210D321F000439C44A4450BD3B0F1E5
:10A710007E5F18BF5FEA410C50D0B2F1FF4F98BF87
:10A72000B3F1FF4F05D9BDEC068BBDE8104000F03A
:10A73000A6B9B0F1FF4F0FD0C1F3C7527F2A09DB92
:10A74000972A11DAC2F19602012303FA02F2531E8C
:10A750000B4205D0002208E011F0004F55D128E04F
:10A760000A4218BF012200D1022210F5000F13D0B7
:10A7700028B3B0F1004F26D010F1814F4FD04FF0E9
:10A78000FE42B2EB400F94BF01200020012202EBF9
:10A79000E171884239D10CE011F0004F02D0012A5A
:10A7A00038D032E0012A02BF9FED350ABDEC068B9E
:10A7B00010BD9FED340ABDEC068B10BD2FE011F0EB
:10A7C000004F0CD121E0B1F1FF4F1ED011F5000F69
:10A7D00005D011F0004F15D00AB1012A08D002208F
:10A7E000F5F7F3FFBDEC068BBDE8104000F03AB979
:10A7F0000220F5F7EAFF00F035F9BDEC068BB1EE6B
:10A80000400A10BD0AB1012A04D0B0EE690ABDECBD
:10A81000068B10BDBDEC068B9FED1B0A10BDBDEC79
:10A82000068BB7EE000A10BD30EE410AB5EE001AF5
:10A830009FED172A00EE413AB6EE001A60EE001ABC
:10A8400000EE431A61EEC11A9FED101A20EE011AB4
:10A8500020EE020A9FED0F2A01EE820A71EE001A25
:10A8600011EE900A00F500606FF30B0009EE100A7C
:10A8700031EE491A31EE00AA9CE50000FFFF3F00CF
:10A88000000080FF0000807F0000008000B0B84121
:10A89000D49A38BB3BAAB84100B510EE101A2DED82
:10A8A000028B81B0524A6846B2EB410F2ED94FF06D
:10A8B000E640B0EB410F94BF00204FF0FF30009016
:10A8C0000098B0EE408A00286ADB10F0010F4BD0F0
:10A8D00068EE080A9FED471A9FED470A00EE810ACD
:10A8E0009FED461A10F0020F00EE801AB7EE000A34
:10A8F00000EE810A02BF01B0BDEC028B00BD00BFBB
:10A9000001B0B1EE400ABDEC028B00BD3C4B21F022
:10A910000042934241D911F0004FDFED3A0A20EE98
:10A92000201ADFED390A19BF31EE601A71EE200AE4
:10A9300031EE201A71EE600ABDEEE01A11EE100A37
:10A940009FED321A00F0030000EEC10A9FED301AAD
:10A95000009000EEC10A9FED2F1A00EEC10A9FED94
:10A960002E1A00EEC10AABE728EE080A9FED2B1A5B
:10A97000DFED2B0A10F0020F40EE410A9FED291A7D
:10A9800000EE201A61EE000AB0EE480A08EE200A36
:10A99000B6D101B0BDEC028B00BD00F08BF88FE7A3
:10A9A00018EE100A4000B0F17F4F0DD218EE100AD9
:10A9B000FFF723FA042808BF00F074F8B0EE480A45
:10A9C00001B0BDEC028B00BD09D10120F5F7FDFE01
:10A9D00001B0BDEC028B5DF804EB00F053B801B0A0
:10A9E000B0EE480ABDEC028B5DF804EB00F044B811
:10A9F000B61F927EB93AB2BACA9F2A3DDDFFFFBEAA
:10AA0000490E494683F9223F0000004B0000C93F30
:10AA100000A0FD390020A2331A61342C336D4C396B
:10AA2000DA82083CA0AA2ABE10B52DED028BB1EE49
:10AA3000C08A18EE100A20F00040C0F1FF40C00F9D
:10AA40000AD010EE100A20F00040C0F1FF40C00F05
:10AA500004BF0120F5F7B9FEB0EE480ABDEC028B49
:10AA600010BD0000DFED030AB7EE001A81EE200AE8
:10AA7000704700000000000030EE000A704730EE22
:10AA8000200A7047DFED020A80EEA00A704700003E
:10AA9000000000009FED020A20EE000A704700004F
:10AAA000000000709FED020A20EE000A70470000CF
:10AAB000000000102DE9F0014FF07F42B2EB410F92
:10AAC0009FBF4FF0FF310160BDE8F00170474FF0CC
:10AAD000004242EA0123C1F3C752783A551112F0FD
:10AAE0001F0C434CCCF120067C44C1F3C752A2F1A9
:10AAF00078024FEA621204EB820254F8254008BF44
:10AB0000D2E9015612D0556804FA0CF425FA06F77A
:10AB10003C43976805FA0CF527FA06F8D26807FA5D
:10AB20000CFCF24045EA08054CEA0206A4FB034C83
:10AB3000A5FB0352A6FB03631D449D4234BF0126BF
:10AB400000261319334416B1934202D903E093420D
:10AB500001D2012200E00022624402F1200C9206A0
:10AB6000DC0C42EA443200EE102A5B03DFED210ADE
:10AB7000F8EEC01A00EE103A4FEA9C1C11F0004F9C
:10AB8000B8EE400AC0F800C020EE201A00EE105ABD
:10AB9000DFED190AB8EE400A20EE200A71EE810AB4
:10ABA00070EE800A10EE902A02F500626FF30B023D
:10ABB00000EE902A70EEE11A31EEC11ADFED101AA4
:10ABC00030EE411A9FED0D0A20EE800A01EE210AB7
:10ABD0009FED0C1A00EE810A04BFBDE8F00170473A
:10ABE000CCF180510160BDE8F001B1EE400A704740
:10ABF000C43B0000000000360000802C22AAFD2982
:10AC0000DB0FC92F0000C92F10B50B4C002020808E
:10AC10006080A080E08020816081A081E08160610F
:10AC200020766076A076A083083C1422034904F1C4
:10AC30002600F5F750FC10BDC059002080E3000845
:10AC40000648002101709FED060A80ED010A0548C3
:10AC500001709FED030A80ED010A70470403002094
:10AC6000000000000C0300200648002101709FED49
:10AC7000060A80ED010A054801709FED030A80ED88
:10AC8000010A7047880100200000000090010020A8
:10AC90000648002101709FED060A80ED010A054873
:10ACA00001709FED030A80ED010A70476C020020DD
:10ACB00000000000740200202DE9F041334C04250F
:10ACC000264629463046FCF72BFF064630483060C2
:10ACD00000BF34462F4830600020E08484F828000C
:10ACE00000BF27462C4A2D493846F5F7D3FB2C4C9C
:10ACF000672529462046FCF713FF044629482060B3
:10AD00000020E0629FED280A84ED0C0A9FED260AE0
:10AD100084ED0D0A00BF26461F4A24493046F5F748
:10AD2000B9FB234C022529462046FCF7F9FE0446D0
:10AD3000204820609FED1C0A84ED0A0A9FED1A0A44
:10AD400084ED0B0A0020A087BAEE090A84ED100AF0
:10AD5000B2EE090A84ED110A9FED170A84ED120A7A
:10AD60009FED160A84ED130AB3EE020A84ED140A6D
:10AD7000BBEE020A84ED150A00BF2646064A1049BA
:10AD80003046F5F787FBBDE8F0810000885B0020C6
:10AD900044E8000810E7000800000008F179000806
:10ADA000B45B0020C0E7000800000000858D0008AB
:10ADB000EC5B002000E800080000FAC30000FA4342
:10ADC000C99C000810B51948002101709FED180AB0
:10ADD00080ED010A174801709FED150A80ED010A08
:10ADE000B7EE001A0321DFED140A9FED140A144890
:10ADF000FDF728F90446134A1349F5F74BFB9FED7D
:10AE0000131ADFED130A9FED130A1348FEF7E8FD4E
:10AE100004460C4A1149F5F73DFB1148002180F822
:10AE200029101048FDF780FC10BD00002C03002005
:10AE30000000000034030020D34D623EE3A59B3D9B
:10AE4000485F002000000008798100080050434757
:10AE5000AC14A5C40080934470620020CD9B000810
:10AE6000406800206C68002010B59FED0A2ADFEDD5
:10AE70000A1A9FED0A1ADFED0A0A9FED0A0A0A482C
:10AE8000FDF710FB094890ED000A094880ED000A23
:10AE900010BD0000000000000000964300A08C459B
:10AEA0003333333F9A99193E545A00204802002008
:10AEB0004C0200201048002101709FED100A80ED27
:10AEC000010A0F4801709FED0D0A80ED010A0D483F
:10AED0000D4991ED000A0D49D1ED000A9FED071AC9
:10AEE00080ED001A9FED051A80ED011A80ED000A31
:10AEF000C0ED010A00BF704774030020000000008D
:10AF00007C030020840300204C0300205003002019
:10AF10000648002101709FED060A80ED010A0548F0
:10AF200001709FED030A80ED010A7047C8020020FE
:10AF300000000000D00200200648002101709FEDB3
:10AF4000060A80ED010A054801709FED030A80EDB5
:10AF5000010A7047B802002000000000C002002073
:10AF6000F0B587B006460D4617461C4600200090F7
:10AF7000082C00DD08240295042003900020049092
:10AF800005948DF818006B463A4601A93046F6F74D
:10AF900058FE08B1F6F72CFE07B0F0BDF0B587B04B
:10AFA00006460D4617461C4600200090082C00DD82
:10AFB0000824019500200390049005948DF8180052
:10AFC0006B463A4601A93046F6F73BFE08B1F6F764
:10AFD0000FFE07B0F0BDF7F7FBFEFAF72BFFFAF70D
:10AFE00063FAFAF761F9FAF71BF9FAF73BF9FAF79E
:10AFF000D3FBFAF7EDFBFAF707FCFAF721FCFAF7B7
:10B0000053FBFAF71BFBFAF7ABFBFAF783FBFAF7F4
:10B01000F3FAFAF773FF00F015F8FAF7C1F900F048
:10B0200027F800BFFEE770B50546FEF72FFF10B109
:10B030006FF0050404E0002415B1284601F0AEF8D5
:10B04000204670BD10B5FEF721FF10B16FF005046A
:10B0500009E00648006820B901200449086000247E
:10B0600001E04FF0FF34204610BD00008C000020AE
:10B0700070B5FEF70BFF10B16FF005041FE011482B
:10B080000068012819D100BF801F0021002804DBBF
:10B090000A07130E0C4A135406E00A07150E0B4A52
:10B0A00000F00F031B1FD55400BF00BF022005494D
:10B0B000086001F059F9002401E04FF0FF34204608
:10B0C00070BD00008C00002000E400E018ED00E0FE
:10B0D0002DE9FF4780468946144600200390FEF77D
:10B0E000D5FE00284ED1B8F1000F4BD08026182590
:10B0F0008246471E44B3206808B1D4F800A0A06976
:10B1000000B1A5692DB1382D03D8207900F00100D8
:10B1100018B1002004B0BDE8F087606908B160692B
:10B120008608A06840B1E0686C2805D3206918B192
:10B13000606908B1012708E0A06830B9E06820B96B
:10B14000206910B9002700E00027012F0CD12169E8
:10B15000A0684B463246CDE9005102905146404628
:10B1600001F0E4FD03900DE067B903A8B2B24B46CD
:10B170005146CDE90050404601F0A6FD012801D01E
:10B18000002003900398C5E72DE9F04106460D46DF
:10B19000344627461F2D01DD1F2000E028460546C6
:10B1A0002A4621461E48F5F796F900201C494855C5
:10B1B0003846F5F762F900EE100AB8EEC00A1948F1
:10B1C00080ED000A2C213846F5F77BF904464CB98E
:10B1D0009FED150A154880ED000A0020144908600B
:10B1E000BDE8F081641C2046F5F747F900EE100A2F
:10B1F000B8EEC00A0D4880ED000A2C212046F5F774
:10B2000060F904461CB9002009490860E8E7641C9D
:10B210002046F5F732F90649086000BFE0E7000074
:10B2200058550020E400002000000000E800002045
:10B23000EC0000202DE9F04105460E46164807684F
:10B2400016480068001D00F021FE681C38B936B1B0
:10B2500012480168091D124800F06EFE1AE07C19C0
:10B260000E4800684460BC4207D20C480168091DC2
:10B270000C48006800F046FE0CE008480168091D13
:10B280000948006800F03EFE08480068844201D288
:10B2900006480460BDE8F081500000203C0000201A
:10B2A000D00F002044000020400000206C0000204F
:10B2B00010B5044600F04CFE24480068401C2349A9
:10B2C00008602348006840B92148046008460068C7
:10B2D00001280DD100F0FCF90AE01E48006838B9D9
:10B2E0001B480068C06AE16A884201D818480460B7
:10B2F00019480068401C18490860084600686065E5
:10B300001649E06A0968884202D91449E06A08606F
:10B31000E16A01EB8101124A02EB8100211D00F07C
:10B320000BFE00F03FFE0B48006868B1084800685B
:10B33000C06AE16A884207D24FF08050094908602C
:10B34000BFF34F8FBFF36F8F10BD00004C00002084
:10B350003C0000205800002068000020540000201D
:10B36000200B002004ED00E008B500F0F1FD1248CC
:10B370000068E8B9114800F0B5FD114800F0B2FDD1
:10B380000E48104908600E480F49086000200F4B16
:10B390000F4A102100900A2001F08DF9064908603B
:10B3A0000846006820B10BA10348006800F0BAFE0F
:10B3B00000F0F8FD08BD000080000020E40F002030
:10B3C000F80F0020780000207C0000200C100020E6
:10B3D0005C100020546D72510000000010B516E0A2
:10B3E00000F0B6FD0C48C068C468201D00F04EFD9A
:10B3F0000A480068401E0949086009480068401E64
:10B400000749086000F0CEFD204600F05FF80448D0
:10B4100000680028E4D110BDBC0F00204C000020C3
:10B420004800002070B504460D46206C70B1216CB8
:10B43000E0680144E160D4E90210884201D3216848
:10B44000E1602846226CE168F5F745F870BD2DE90A
:10B45000F04104460F4615464FF00008A66B206CDD
:10B4600048B9206800282CD1A06801F075FD8046FD
:10B470000020A06025E07DB93946226C6068F5F7B0
:10B480002AF8216C606808446060D4E901018842B0
:10B4900017D32068606014E03946226CE068F5F745
:10B4A0001AF8216CE068411AE1602168E06888427E
:10B4B00003D2216CA068411AE160022D01D106B1CE
:10B4C000761E701CA0634046BDE8F08110B50446AE
:10B4D00094F8690030B9206B00F082FD204600F03E
:10B4E0007FFD1AE094F86900012803D1204600F09E
:10B4F00077FD12E094F86900022801D1012000E0F4
:10B50000002050B900BF502080F31188BFF34F8F47
:10B51000BFF36F8F00BF00BFFEE710BD0146084AB2
:10B52000126812680AB9012200E000220A600A6863
:10B5300022B9034A1268D268106800E00020704700
:10B540007800002030B54FF47053174800F007041E
:10B550002CB1C01D20F00700134C041B1B1B02461E
:10B56000124C22600024114D6C60D018083820F075
:10B5700007000F4C206000240D4D2D686C600C4DB1
:10B580002D682C601146441A4C60094C24680C60EC
:10B59000084D4C682C60084D4C682C604FF00044FE
:10B5A000064D2C6030BD0000D41700209000002014
:10B5B00098000020A00000209C000020AC0000208B
:10B5C00000BFFFF70BFF064800680128F9D94FF0CC
:10B5D000805004490860BFF34F8FBFF36F8FF0E7CF
:10B5E000200B002004ED00E02DE9F04106460D4659
:10B5F00017469846069C0DB9246000E02760E66374
:10B6000025640121204601F0C7F884F84C80BDE88C
:10B61000F0812DE9F05F82460E4690469B460A9FD8
:10B620000C9C4FEA8801A522206BF4F7CBFFA8F110
:10B630000100216B01EB800929F0070909F00700DF
:10B6400008B9012000E0002050B900BF502080F36D
:10B650001188BFF34F8FBFF36F8F00BF00BFFEE7AE
:10B6600086B1002507E0715D04F134004155705D3D
:10B6700000B902E06D1C202DF5D300BF002153203E
:10B68000015502E0002084F83400382F00D337271A
:10B69000E762E76500202066201D00F030FC04F121
:10B6A000180000F02CFC2461C7F13800A06164622E
:10B6B0000020606684F868005A465146484600F00B
:10B6C00071FB20600B9808B10B980460BDE8F09FF7
:10B6D00010B5002407E004EB84010F4A02EB81005F
:10B6E00000F000FC641C382CF5D30C4800F0FAFB89
:10B6F0000B4800F0F7FB0B4800F0F4FB0A4800F0A1
:10B70000F1FB0A4800F0EEFB0448094908600448D0
:10B710000849086010BD0000200B0020800F0020A9
:10B72000940F0020A80F0020BC0F0020D00F002095
:10B73000400000204400002010B50146164800E0FB
:10B74000006803688B42FBD30246436813448B4274
:10B7500004D143684C682344436001460A464B6861
:10B7600013440468A34211D10C4C03682468A3421B
:10B7700008D04B680468646823444B6003681B6806
:10B780000B6005E0054B1B680B6001E003680B6074
:10B79000884200D0016010BD900000209800002079
:10B7A0002DE9F04104460D4616461F464FF00008AD
:10B7B00065602461B5420CD8F01BA169884202D3B0
:10B7C0004FF0010811E0211D0948006800F09AFBC4
:10B7D0000BE0BE4204D2BD4202D34FF0010804E0A8
:10B7E000211D0448006800F08DFB4046BDE8F08153
:10B7F0007C0000207800002070B5054600F0A8FB12
:10B80000A86B08B9012400E0002400F0CBFB20461F
:10B8100070BD70B5054600F09BFBA86BE96B8842D4
:10B8200001D1012400E0002400F0BCFB204670BDE3
:10B83000F8B505460F461A480068C068C468201D60
:10B8400000F024FB94F8280000F00400E8B1A0699F
:10B8500041192B463A462046FFF7A2FFD8B10020F7
:10B8600003462A4601460090204601F0D1FC0646D8
:10B8700056B900BF502080F31188BFF34F8FBFF33C
:10B880006F8F00BF00BFFEE705E094F8280020F0AE
:10B89000010084F828002046216A8847F8BD00008E
:10B8A00078000020F0B587B0A0E00398002811DAF6
:10B8B00004AE56B900BF502080F31188BFF34F8FFC
:10B8C000BFF36F8F00BF00BFFEE7D6E90020B1686D
:10B8D000904700BF03980028E6DB059C606908B923
:10B8E000012000E0002010B9201D00F0CFFA02A8CE
:10B8F00000F0DEF8054603980A2875D2DFE800F06C
:10B9000009050739416306083A4200BF00BF00BF7E
:10B9100000BF94F8280040F0010084F82800049843
:10B92000A269811803462A462046FFF739FFF8B17D
:10B930002046216A884794F8280000F00400B8B136
:10B94000002000900498A16942180023194620465F
:10B9500001F05EFC074657B900BF502080F3118804
:10B96000BFF34F8FBFF36F8F00BF00BFFEE700BF75
:10B970003BE000BF94F8280020F0010084F8280084
:10B9800033E000BF94F8280040F0010084F828005C
:10B990000498A061A06908B1012000E0002050B91E
:10B9A00000BF502080F31188BFF34F8FBFF36F8F1C
:10B9B00000BF00BFFEE7A06941192B462A4620467A
:10B9C000FFF7EEFE11E094F8280000F0020018B92D
:10B9D000204600F005FB05E094F8280020F0010067
:10B9E00084F8280001E0FFE700BF00BF002203A9A0
:10B9F0000448006801F06EF800287FF456AF07B0E5
:10BA0000F0BD000080000020F8B505460C4600F0AF
:10BA100007FD684600F04CF80646009820BB44B984
:10BA2000B54206D801F036FB31462846FFF700FF45
:10BA30001CE03CB10E480068006808B9012000E035
:10BA400000200446A91B22460A48006800F080FB3B
:10BA500001F020FB50B94FF0805007490860BFF358
:10BA60004F8FBFF36F8F01E001F014FBF8BD0000B2
:10BA70007C0000208000002004ED00E00A490968F5
:10BA8000096809B9012100E0002121B14FF0FF311F
:10BA9000064A116006E004490968C968C868034A93
:10BAA0004168116070470000400000206C000020D9
:10BAB00070B5044601F0A8F90546074800688542BC
:10BAC00004D200F00BF80120206001E0002020608B
:10BAD00001480560284670BD880000202DE9F84324
:10BAE00034E025480068C068056823480068C068DD
:10BAF000C468201D00F0CAF92046216A884794F8DE
:10BB0000280000F0040008B3A0694619AE4207D926
:10BB100066602461211D1848006800F0F3F915E003
:10BB2000002003462A4601460090204601F070FBA3
:10BB3000074657B900BF502080F31188BFF34F8FDD
:10BB4000BFF36F8F00BF00BFFEE700BF0A48006869
:10BB5000006808B9012000E000200028C1D0064894
:10BB6000D0F8008005480068034908600348C0F821
:10BB70000080BDE8F8830000780000207C000020F1
:10BB80000E480068401C08B9012000E0002050B9B0
:10BB900000BF502080F31188BFF34F8FBFF36F8F2A
:10BBA00000BF00BFFEE700BF502080F31188BFF345
:10BBB0004F8FBFF36F8F00BF00BFFEE7B0000020C4
:10BBC00008B500BF6846FFF7A9FC04462046009967
:10BBD000FFF71AFFFFF766FEF4E770B5044600F0C2
:10BBE000B7F994F9455010E0606A08B9012000E007
:10BBF000002038B904F1240001F000FA18B100F077
:10BC000071FB00E003E0681E45B2002DECDC00BFD4
:10BC1000FF2084F8450000F0C5F900F099F994F987
:10BC2000445010E0206908B9012000E0002048B924
:10BC300004F1100001F0E2F908B100F053FB681EB6
:10BC400045B200E001E0002DECDC00BFFF2084F8ED
:10BC5000440000F0A7F970BD2DE9F04104464FF013
:10BC6000000800F0DDFB4948006808B9FFF76AFCEE
:10BC7000474800682040002870D1D4B1083404F04F
:10BC80000700B0B104F00700C0F10800044404F05C
:10BC9000070008B9012000E0002050B900BF502083
:10BCA00080F31188BFF34F8FBFF36F8F00BF00BFCA
:10BCB000FEE7002C52D03748006884424ED8364EFA
:10BCC0003046056801E02E462D686868A04202D221
:10BCD00028680028F7D12D48006885423ED030689A
:10BCE00000F10808286830606868001B102819D91E
:10BCF0002F1907F0070008B9012000E0002050B913
:10BD000000BF502080F31188BFF34F8FBFF36F8FB8
:10BD100000BF00BFFEE76868001B78606C603846B3
:10BD2000FFF70AFD1B4968680968081A1949086085
:10BD30000846006819490968884203D21548006816
:10BD4000164908601249686809680843686000205D
:10BD5000286013480068401C1149086001F09AF9F6
:10BD600008F0070008B9012000E0002050B900BF2A
:10BD7000502080F31188BFF34F8FBFF36F8F00BF48
:10BD800000BFFEE74046BDE8F081000098000020BB
:10BD9000AC0000209C00002090000020A0000020AB
:10BDA000A4000020001F4FF080730360001F21F0EB
:10BDB00001030360001F054B036014380260001F7D
:10BDC0006FF00203036020387047000081BB000859
:10BDD0002DED028B82B000BF012223492348006869
:10BDE00000F078FE0128F7D11F480078022819D109
:10BDF0001F4890ED020AF0EE400A1E4890ED000A3E
:10BE00001D48FBF7FDFD8DED000ACDED010A9DED0E
:10BE1000011AF0EE410A9DED001AB0EE410AF9F761
:10BE2000CDFDD9E7104800780128D5D11048D0EDD4
:10BE3000020AB0EE600A01F0D5FC10EE104A20466E
:10BE400002F05EF941EC180B9FED0C0B53EC102B3C
:10BE500001F032FFC0D20B48D0ED000A0A4890ED45
:10BE6000000AF9F7ABFDB7E78C030020A802002019
:10BE7000245A00206402002084030020666666665F
:10BE80006666EE3FE0020020E402002001460A69F7
:10BE9000D1E901309860D1E90103586050688842C7
:10BEA00001D188685060002008611068401E106051
:10BEB00010687047034B0360034B0B6080231360D3
:10BEC00070470000FC10002068110020034B036045
:10BED000034B0B604FF480731360704768130020AE
:10BEE000D413002000F1080141604FF0FF31816060
:10BEF00000F10801C160016100210160704700216B
:10BF00000161704710B502460B685C1C0CB91069E2
:10BF100007E002F1080000E04068446824689C42A1
:10BF2000FAD944684C604C68A160886041600A613D
:10BF30001468641C146010BD42684A6093688B608A
:10BF4000936859609160086103685B1C03607047E7
:10BF500000BF502080F31188BFF34F8FBFF36F8F66
:10BF600000BF0E480068401C0C4908600846006885
:10BF7000012812D10A480068C0B208B9012000E0C7
:10BF8000002050B900BF502080F31188BFF34F8FBD
:10BF9000BFF36F8F00BF00BFFEE77047B000002007
:10BFA00004ED00E00D48006850B900BF502080F358
:10BFB0001188BFF34F8FBFF36F8F00BF00BFFEE745
:10BFC00006480068401E054908600846006820B918
:10BFD000002080F3118800BF00BF7047B000002030
:10BFE00070B506463546002E44D0083D2C46224901
:10BFF00060680968084008B1012000E0002050B9DD
:10C0000000BF502080F31188BFF34F8FBFF36F8FB5
:10C0100000BF00BFFEE7206808B9012000E0002053
:10C0200050B900BF502080F31188BFF34F8FBFF38A
:10C030006F8F00BF00BFFEE70F49606809680840C6
:10C04000C0B12068B0B90C49606809688843606075
:10C0500000F0E6F909496068096808440749086082
:10C060002046FFF769FB06480068401C0449086049
:10C0700001F010F870BD0000AC0000209C00002012
:10C08000A800002000204FF0E021086188610648E8
:10C0900000684FF47A71B0FBF1F0401E4FF0E021E0
:10C0A00048610720086170473800002070B5F4F738
:10C0B00049F90446102C16D304F1E02090F8F0530F
:10C0C00015480078854201DB012000E0002050B9CE
:10C0D00000BF502080F31188BFF34F8FBFF36F8FE5
:10C0E00000BF00BFFEE70D48006800F4E0600C49A7
:10C0F0000968884201D8012000E0002050B900BF43
:10C10000502080F31188BFF34F8FBFF36F8F00BFB4
:10C1100000BFFEE770BD0000B40000200CED00E0A1
:10C12000B8000020024600200BE0084B53F83030E6
:10C1300033B9064B43F8301003EBC0035A6002E0FA
:10C14000401C0828F1D300BF70470000E00A00201F
:10C150002DE9F04105460E4617462C46FFF7F8FE3E
:10C1600094F94400401C10B9002084F8440094F96C
:10C170004500401C10B9002084F84500FFF712FF6D
:10C18000A06B28B93A46314604F1240000F0CCF8FF
:10C190002046FFF722FDBDE8F081000070B504469F
:10C1A0000025D4B11248006808B9012000E0002041
:10C1B00050B900BF502080F31188BFF34F8FBFF3F9
:10C1C0006F8F00BF00BFFEE700F02AF90021204674
:10C1D000FFF730F800F05EFF05463DB94FF08050A4
:10C1E00004490860BFF34F8FBFF36F8F70BD00002D
:10C1F0007400002004ED00E02DE9F04704460F46EE
:10C200004FF0000954B900BF502080F31188BFF3EC
:10C210004F8FBFF36F8F00BF00BFFEE70FB101204C
:10C2200000E0002050B900BF502080F31188BFF318
:10C230004F8FBFF36F8F00BF00BFFEE7204800683D
:10C2400008B9012000E0002050B900BF502080F361
:10C250001188BFF34F8FBFF36F8F00BF00BFFEE7A2
:10C2600000F0DEF8174806682068C5192068B0425B
:10C2700007D92068A8420BD9B54209D94FF0010966
:10C2800006E02068A84201D8B54201D94FF0010963
:10C290002560B9F1000F03D0A81B0021FEF7CAFFEB
:10C2A00000F0F8FE8046B8F1000F07D14FF0805043
:10C2B00005490860BFF34F8FBFF36F8FBDE8F0876C
:10C2C000740000205000002004ED00E003490968DC
:10C2D0000160034909684160704700006400002064
:10C2E00050000020012001490860704760000020D4
:10C2F00070B504460D4654B900BF502080F3118834
:10C30000BFF34F8FBFF36F8F00BF00BFFEE705483D
:10C31000016818312046FFF7F5FD01212846FEF798
:10C3200089FF70BD3C00002070B505460E461446DE
:10C3300055B900BF502080F31188BFF34F8FBFF372
:10C340006F8F00BF00BFFEE706480168183128461E
:10C35000FFF7F2FD0CB14FF0FF3621463046FEF7F5
:10C3600069FF70BD3C00002010B586B0002005902C
:10C37000049003AA04A905A8FFF79CFD0022DDE9AB
:10C3800004101346CDE9002102901EA11F48039A14
:10C3900000F0CCFC1E4908600846006808B1012482
:10C3A00000E00024012C02D100F0F6FE0446012C2E
:10C3B00015D100BF502080F31188BFF34F8FBFF31A
:10C3C0006F8F00BF4FF0FF30124908600120124903
:10C3D000086000201149086000F072F810E0601C4D
:10C3E00008B1012000E0002050B900BF502080F3C8
:10C3F0001188BFF34F8FBFF36F8F00BF00BFFEE701
:10C4000006B010BD49444C4500000000C1B500080D
:10C41000700000206C000020580000205000002018
:10C4200002480068401C0149086070477400002001
:10C430001E48006818B101201D49086034E0002042
:10C440001B4908601B4801680CE051B900BF50202F
:10C4500080F31188BFF34F8FBFF36F8F00BF00BF12
:10C46000FEE7491E01EB8100134A52F8200008B98B
:10C47000012000E000200028E7D101EB81020E4BF3
:10C4800003EB820042685268426000F10802436890
:10C49000934202D14268526842604268D268074BB8
:10C4A0001A600448016000BF70470000740000205B
:10C4B0006000002054000020200B00203C000020E1
:10C4C0001CB5524800685249884201D0012000E062
:10C4D000002050B900BF502080F31188BFF34F8F68
:10C4E000BFF36F8F00BF00BFFEE7484800684849B0
:10C4F000491E884201D0012000E0002050B900BF51
:10C50000502080F31188BFF34F8FBFF36F8F00BFB0
:10C5100000BFFEE73F49084600780190FF200A4629
:10C5200010700846007800909DF8000000F0F000C0
:10C530009DF80020904201D1012000E0002050B978
:10C5400000BF502080F31188BFF34F8FBFF36F8F70
:10C5500000BF00BFFEE79DF8000000F050002E4A2B
:10C56000107007202D4A106009E02C480068401E1A
:10C570002A4A10609DF800004006000E00909DF8C9
:10C58000000000F080008028EFD024480068C0F14F
:10C590000700042801D1012000E0002050B900BFAD
:10C5A000502080F31188BFF34F8FBFF36F8F00BF10
:10C5B00000BFFEE7194800680002184A10601046E4
:10C5C000008800F4E0601060124A019810700F4873
:10C5D0002030006840F470000C49203108600846A3
:10C5E000006840F070400860FFF74CFD00200C49E7
:10C5F0000860F3F76FFE0B48006840F040400949BF
:10C600000860F3F753FE00201CBD000000ED00E0C1
:10C6100071C20F4100E400E0B4000020B800002027
:10C62000B000002034EF00E010B500BF502080F3D0
:10C630001188BFF34F8FBFF36F8F00BF00F0EAFB8D
:10C6400018B14FF080500449086000BF002080F30B
:10C65000118800BF10BD000004ED00E02DE9F84393
:10C6600005460E4617460DB1012000E0002050B9E6
:10C6700000BF502080F31188BFF34F8FBFF36F8F3F
:10C6800000BF00BFFEE705FB06F808F15000FFF70A
:10C69000E3FA044664B1A14609F15009002084F888
:10C6A00046003B464A46314628460094FEF79CFF2A
:10C6B0002046BDE8F8832DE9F84380460E4617462C
:10C6C0001D46DDF82090B8F1000F01D0012000E0F8
:10C6D000002050B900BF502080F31188BFF34F8F66
:10C6E000BFF36F8F00BF00BFFEE70DB1012000E078
:10C6F000002050B900BF502080F31188BFF34F8F46
:10C70000BFF36F8F00BF00BFFEE707B10EB101207E
:10C7100000E0002050B900BF502080F31188BFF323
:10C720004F8FBFF36F8F00BF00BFFEE707B90EB991
:10C73000012000E0002050B900BF502080F3118894
:10C74000BFF34F8FBFF36F8F00BF00BFFEE75020D6
:10C7500000900098502801D1012000E0002050B93D
:10C7600000BF502080F31188BFF34F8FBFF36F8F4E
:10C7700000BF00BFFEE700BF2C464CB1012084F88B
:10C7800046004B463A46314640460094FEF72CFFA1
:10C790002046BDE8F883000070B505460E462C46DD
:10C7A00054B900BF502080F31188BFF34F8FBFF3FF
:10C7B0006F8F00BF00BFFEE7FFF7CAFBD4E90F127F
:10C7C000206801FB0200A0600020A0632068606078
:10C7D000E06B401E226C216800FB0211E160FF202B
:10C7E00084F8440084F845009EB9206908B9012006
:10C7F00000E00020A8B904F1100000F0FFFB80B1B8
:10C800004FF0805009490860BFF34F8FBFF36F8F1F
:10C8100007E004F11000FFF765FB04F12400FFF7C7
:10C8200061FBFFF7BFFB012070BD000004ED00E0DD
:10C830002DE9FF4383B0064688461D464FF00009A8
:10C84000344654B900BF502080F31188BFF34F8F96
:10C85000BFF36F8F00BF00BFFEE7B8F1000F01D13B
:10C86000206C08B9012000E0002050B900BF502022
:10C8700080F31188BFF34F8FBFF36F8F00BF00BFEE
:10C88000FEE7022D02D1E06B012801D1012000E07A
:10C89000002050B900BF502080F31188BFF34F8FA4
:10C8A000BFF36F8F00BF00BFFEE700F09DFA08B92D
:10C8B000059808B9012000E0002050B900BF5020C1
:10C8C00080F31188BFF34F8FBFF36F8F00BF00BF9E
:10C8D000FEE700BFFFF73CFBA06BE16B884201D392
:10C8E000022D28D12A4641462046FEF7B0FD0746D4
:10C8F000606A08B9012000E0002068B904F1240052
:10C9000000F07CFB88B14FF0805032490860BFF3E3
:10C910004F8FBFF36F8F08E03FB14FF080502D492C
:10C920000860BFF34F8FBFF36F8FFFF73BFB012012
:10C9300007B0BDE8F083059818B9FFF733FB002076
:10C94000F6E7B9F1000F04D101A8FFF7BFFC4FF0E3
:10C950000109FFF727FBFFF763FDFFF7F9FA94F9E9
:10C960004400401C10B9002084F8440094F94500AC
:10C97000401C10B9002084F84500FFF713FB05A9FF
:10C9800001A800F05BF9F0B92046FEF742FFA0B124
:10C9900004F110000599FFF7ABFC2046FFF71DF9E5
:10C9A00000F078FB002895D14FF0805009490860CD
:10C9B000BFF34F8FBFF36F8F8CE72046FFF70DF962
:10C9C00000F068FB86E72046FFF707F900F062FBFE
:10C9D0000020ADE704ED00E02DE9F84F07468A4658
:10C9E00090461E463C4654B900BF502080F3118843
:10C9F000BFF34F8FBFF36F8F00BF00BFFEE7BAF1E9
:10CA0000000F01D1206C08B9012000E0002050B9CE
:10CA100000BF502080F31188BFF34F8FBFF36F8F9B
:10CA200000BF00BFFEE7022E02D1E06B012801D15A
:10CA3000012000E0002050B900BF502080F3118891
:10CA4000BFF34F8FBFF36F8F00BF00BFFEE7FFF74D
:10CA50002DFB00BF5021EFF3118081F31188BFF34C
:10CA60004F8FBFF36F8F00BF0546A06BE16B88420D
:10CA700001D3022E25D194F945B0A06B0090324627
:10CA800051462046FEF7E3FC0BF1010088B9606ACD
:10CA900008B9012000E0002050B904F1240000F0A2
:10CAA000ADFA28B1B8F1000F02D00120C8F800009B
:10CAB00004E00BF1010040B284F845004FF0010999
:10CAC00001E04FF0000900BF85F3118800BF484620
:10CAD000BDE8F88F2DE9F74183B005460E464FF0CB
:10CAE00000082C4654B900BF502080F31188BFF3D2
:10CAF0004F8FBFF36F8F00BF00BFFEE70EB9206CF2
:10CB000008B9012000E0002050B900BF502080F398
:10CB10001188BFF34F8FBFF36F8F00BF00BFFEE7D9
:10CB200000F062F908B9059808B9012000E000207A
:10CB300050B900BF502080F31188BFF34F8FBFF36F
:10CB40006F8F00BF00BFFEE700BFFFF701FAA76BC2
:10CB5000F7B131462046FEF765FC781EA0632069D8
:10CB600008B9012000E0002060B904F1100000F0D5
:10CB700045FA38B14FF080502F490860BFF34F8F0E
:10CB8000BFF36F8FFFF70EFA012006B0BDE8F0810A
:10CB9000059818B9FFF706FA0020F6E7B8F1000F7C
:10CBA00004D101A8FFF792FB4FF00108FFF7FAF953
:10CBB000FFF736FCFFF7CCF994F94400401C10B99C
:10CBC000002084F8440094F94500401C10B900206E
:10CBD00084F84500FFF7E6F905A901A800F02EF852
:10CBE000F0B92046FEF708FEA0B104F12400059933
:10CBF000FFF77EFB2046FEF7F0FF00F04BFA00281F
:10CC0000A3D14FF080500C490860BFF34F8FBFF3A2
:10CC10006F8F9AE72046FEF7E0FF00F03BFA94E7BB
:10CC20002046FEF7DAFF00F035FA2046FEF7E4FD75
:10CC300000288AD00020A8E704ED00E070B5054682
:10CC40000C4655B900BF502080F31188BFF34F8FB9
:10CC5000BFF36F8F00BF00BFFEE754B900BF502085
:10CC600080F31188BFF34F8FBFF36F8F00BF00BFFA
:10CC7000FEE7FFF76DF9124802686868131A20682A
:10CC8000401C08B9002617E00E4928680968884248
:10CC900004D06868904201D801260DE020689842CF
:10CCA00007D92068C01A20602846FFF70FFB00262E
:10CCB00002E0002020600126FFF774F9304670BDC5
:10CCC00050000020640000202DE9FF4F85B0804611
:10CCD00089461746DDE912ABB800FEF7BDFF0646F0
:10CCE00056B16C20FEF7B8FF04460CB1266304E091
:10CCF0003046FFF775F900E000248CB1002084F87D
:10CD00006900CDE900ABCDE902403A4649464046CC
:10CD1000089BFEF77EFC2046FEF7CAFA012501E0DB
:10CD20004FF0FF35284609B0BDE8F08F2DE9F04FF0
:10CD300085B00746884691469A46DDE90EB6109CB6
:10CD40000EB1012000E0002050B900BF502080F358
:10CD50001188BFF34F8FBFF36F8F00BF00BFFEE797
:10CD60000CB1012000E0002050B900BF502080F33A
:10CD70001188BFF34F8FBFF36F8F00BF00BFFEE777
:10CD80006C20039003986C2801D1012000E0002062
:10CD900050B900BF502080F31188BFF34F8FBFF30D
:10CDA0006F8F00BF00BFFEE700BFB4B1AEB1254634
:10CDB0002C462E63022085F86900002004A9534602
:10CDC0004A46CDE900B1CDE9025041463846FEF76A
:10CDD00020FC2846FEF76CFA01E00020049004983D
:10CDE00005B0BDE8F08F00000549096809B90120C8
:10CDF00005E00449096809B9022000E000207047F5
:10CE000058000020740000200149086870470000A5
:10CE1000500000202DE9F0414FF000084348006821
:10CE200000287BD142480068451C4148056015BB7D
:10CE300040480068006808B9012000E0002050B9AF
:10CE400000BF502080F31188BFF34F8FBFF36F8F67
:10CE500000BF00BFFEE7374807683748006835491C
:10CE600008603548076035480068401C3349086051
:10CE7000FEF704FE00BF3248006885423BD300BF86
:10CE80002C480068006808B9012000E0002020B1AB
:10CE90004FF0FF302A4908602CE026480068C0683F
:10CEA000C4686668B54202D22548066022E0201DAB
:10CEB000FEF7ECFFA06A18B104F11800FEF7E6FFD8
:10CEC0002049E06A0968884202D91E49E06A086080
:10CED000E16A01EB81011C4A02EB8100211DFFF791
:10CEE0002BF81A49E06A0968C96A8842C8D34FF02A
:10CEF0000108C5E700BF15480068C06A00EB800064
:10CF0000114951F82000012801D94FF001081048BB
:10CF1000006808B14FF0010805E0FFE70D48006820
:10CF2000401C0C4908604046BDE8F08174000020B8
:10CF30005000002040000020440000206400002039
:10CF40006C00002054000020200B00203C0000203A
:10CF5000600000205C00002070B505462C460026CD
:10CF6000002D43D022480068844201D1012000E016
:10CF7000002050B900BF502080F31188BFF34F8FBD
:10CF8000BFF36F8F00BF00BFFEE7206E50B900BF38
:10CF9000502080F31188BFF34F8FBFF36F8F00BF16
:10CFA00000BFFEE7206E401E2066E16DE06A884209
:10CFB0001CD0206ED0B9201DFEF768FFE06DE06246
:10CFC000E06AC0F13800A0610A49E06A0968884255
:10CFD00002D90849E06A0860E16A01EB8101064A6A
:10CFE00002EB8100211DFEF7A7FF0126304670BD30
:10CFF0003C00002054000020200B002070B50646A5
:10D00000F068C46854B900BF502080F31188BFF3A2
:10D010004F8FBFF36F8F00BF00BFFEE704F1180012
:10D02000FEF734FF15480068A0B9201DFEF72EFF5B
:10D030001349E06A0968884202D91149E06A086028
:10D04000E16A01EB81010F4A02EB8100211DFEF72D
:10D0500073FF04E004F118010B48FEF76DFF0B4964
:10D06000E06A0968C96A884204D901250120084993
:10D07000086000E00025284670BD00007400002014
:10D0800054000020200B0020A80F00203C000020AE
:10D090006000002070B5002400263648006850B9B2
:10D0A00000BF502080F31188BFF34F8FBFF36F8F05
:10D0B00000BF00BFFEE7FEF74BFF2E480068401E92
:10D0C0002C4908600846006800284ED12A480068AC
:10D0D00000284AD023E02948C068C46804F1180039
:10D0E000FEF7D4FE201DFEF7D1FE2549E06A09684F
:10D0F000884202D92249E06A0860E16A01EB8101B5
:10D10000204A02EB8100211DFEF716FF1E49E06A4E
:10D110000968C96A884202D301201C49086017487F
:10D12000006808B9012000E000200028D3D00CB12D
:10D13000FEF7A4FC1648056865B100BFFFF76AFE5C
:10D1400010B10120114908606D1E002DF6D100209C
:10D150000F4908600D48006838B1012630070D49B5
:10D160000860BFF34F8FBFF36F8FFEF71BFF304692
:10D1700070BD0000740000204C000020A80F0020AB
:10D1800054000020200B00203C0000206000002004
:10D190005C00002004ED00E010B586B00024FEF72E
:10D1A000E3F816480068D0B100200590049003AA67
:10D1B00004A905A8FEF78AFE0222DDE90410002377
:10D1C000CDE9002102900EA10F48039AFFF7AEFDB2
:10D1D0000E4908600846006800B1012400BF54B938
:10D1E00000BF502080F31188BFF34F8FBFF36F8FC4
:10D1F00000BF00BFFEE7204606B010BD8000002043
:10D20000546D722053766300C1BB00088400002077
:10D210002DE9FF4704460D4616461F46DDF83080CF
:10D220004FF0000954B900BF502080F31188BFF3BC
:10D230004F8FBFF36F8F00BF00BFFEE71448006839
:10D2400010B3009501960294062D15DAFFF7CCFD78
:10D25000022808D10023424669460D480068FFF7BE
:10D26000E7FA814610E000231A466946084800683C
:10D27000FFF7DEFA814607E000233A466946044894
:10D280000068FFF7A9FB8146484604B0BDE8F08777
:10D290008000002010B500290AD00878002807D0A7
:10D2A00005487844F3F7BEF9002801D0002010BDEE
:10D2B0000248784410BD0000721600006A16000093
:10D2C0002DE9F04188B007460D46002004900590F6
:10D2D00006900790009001900290039000268046EF
:10D2E000002485E004EB440202EBC40205EB82005B
:10D2F00004EB440202EBC40255F8222091688847EF
:10D3000008BB04EB440000EBC40005EB800000798F
:10D31000042819DC04EB440000EBC40005EB80009A
:10D320000079002810DD04EB440101EBC40105EB9A
:10D33000810004EB440101EBC40155F821104A6956
:10D3400069469047012622E004EB440000EBC4004C
:10D3500005EB80000079082819DC04EB440000EBA1
:10D36000C40005EB80000079042810DD04EB4401C3
:10D3700001EBC40105EB810004EB440101EBC401A6
:10D3800055F821104A6904A990474FF0010804EBB1
:10D39000440202EBC40205EB820004EB440202EB00
:10D3A000C40255F822209168884701280FD004EB69
:10D3B000440202EBC40205EB820004EB440202EBE0
:10D3C000C40255F822209168884702280FD104EB47
:10D3D000440101EBC40105EB810004EB440101EBC6
:10D3E000C40155F821104A69694690470126641C1A
:10D3F000032CFFF677AF1748874212D136B10023CE
:10D400005A1E694614480068FFF712FAB8F1000F77
:10D410001CD000235A1E04A90F480068FFF708FA21
:10D4200014E00E48874211D136B100235A1E6946D6
:10D430000B480068FFF7FCF9B8F1000F06D0002395
:10D440005A1E04A906480068FFF7F2F908B0BDE8C3
:10D45000F08100009003002080020020B80300202B
:10D46000840200202DE9F04188B007460D460020D7
:10D470000490059006900790009001900290039010
:10D4800000268046002485E004EB440202EBC4023F
:10D4900005EB820004EB440202EBC40255F82220A3
:10D4A0009168884708BB04EB440000EBC40005EB1F
:10D4B00080000079042819DC04EB440000EBC40070
:10D4C00005EB80000079002810DD04EB440101EB3E
:10D4D000C40105EB810004EB440101EBC40155F8E4
:10D4E00021104A6969469047012622E004EB440076
:10D4F00000EBC40005EB80000079082819DC04EB80
:10D50000440000EBC40005EB80000079042810DD26
:10D5100004EB440101EBC40105EB810004EB440181
:10D5200001EBC40155F821104A6904A990474FF056
:10D53000010804EB440202EBC40205EB820004EB99
:10D54000440202EBC40255F8222091688847012862
:10D550000FD004EB440202EBC40205EB820004EBA3
:10D56000440202EBC40255F8222091688847022841
:10D570000FD104EB440101EBC40105EB810004EB86
:10D58000440101EBC40155F821104A6969469047EE
:10D590000126641C042CFFF677AF1748874212D18E
:10D5A00036B100235A1E694614480068FFF740F957
:10D5B000B8F1000F1CD000235A1E04A90F480068C0
:10D5C000FFF736F914E00E48874211D136B1002337
:10D5D0005A1E69460B480068FFF72AF9B8F1000F98
:10D5E00006D000235A1E04A906480068FFF720F958
:10D5F00008B0BDE8F0810000900300208002002008
:10D60000B80300208402002030B58FB004460D46D8
:10D61000294601A8FBF760FB01A9204600F00AF8A3
:10D6200001233822024901A8F3F752F80FB030BDA8
:10D63000858D00082DE9F04188B006460D46002092
:10D64000049005900690079000900190029003903E
:10D6500000278046002465E0C4EBC40205EBC2004D
:10D66000C4EBC40255F8322091688847A8BBC4EBCC
:10D67000C40005EBC0000079042813DCC4EBC4002F
:10D6800005EBC000007900280CDDC4EBC40105EBFC
:10D69000C100C4EBC40155F831104A69694690478E
:10D6A00001271AE0C4EBC40005EBC000007908288C
:10D6B00013DCC4EBC40005EBC000007904280CDDCA
:10D6C000C4EBC40105EBC100C4EBC40155F8311033
:10D6D0004A6904A990474FF00108C4EBC40205EB66
:10D6E000C200C4EBC40255F8322091688847012873
:10D6F0000BD0C4EBC40205EBC200C4EBC40255F866
:10D7000032209168884702280BD1C4EBC40105EB95
:10D71000C100C4EBC40155F831104A69694690470D
:10D720000127641C012C97DB1648864212D137B1C1
:10D7300000235A1E694614480068FFF779F8B8F1CB
:10D74000000F1CD000235A1E04A90F480068FFF7E1
:10D750006FF814E00D48864211D137B100235A1EEC
:10D7600069460B480068FFF763F8B8F1000F06D070
:10D7700000235A1E04A906480068FFF759F808B0AC
:10D78000BDE8F0819003002080020020B803002053
:10D790008402002090ED001AB4EEC01AF1EE10FAE7
:10D7A00002D280ED000A08E090ED001AB4EEE01A13
:10D7B000F1EE10FA01DDC0ED000A704790ED001A9D
:10D7C000B4EEE01AF1EE10FA02DDC0ED000A08E056
:10D7D00090ED001AB4EEC01AF1EE10FA01D280ED0D
:10D7E000000A7047F0EE400AF5EEC00AF1EE10FABA
:10D7F00002DDB0EE600A7047B1EE600AFBE7014659
:10D80000002901DD084670474842FCE721F000424C
:10D81000A2F16052B2F5801F01F0004328BFD2F19F
:10D820007F6C0BD95FEA001C43EAC20242EB5070E6
:10D8300018BF704728BF20F001007047B2F5801F65
:10D84000BCBF184670474FEA410C1CF5001F02D2BE
:10D85000084600F0CBBC70B500F014FB0000008956
:10D86000FFF7F6BF4FF00040A0F5800070470000C2
:10D8700010B591EA030F48BF83F0004300F15E83C7
:10D88000841A71EB030C05D2121943EB0C03001B35
:10D8900061EB0C01DFF824E14FEA1154A4EB135CB7
:10D8A0001EEA430F18BF9EEA445F73D023EA0E03BB
:10D8B000DCF1200E21EA045143F4801332D322FA22
:10D8C0000CFE10EB0E0023FA0CFE41EB0E01CCF126
:10D8D000200E03FA0EFE10EB0E0051F10001B1F51F
:10D8E000801FCCF1200E32D201EB045112FA0EF25D
:10D8F000BDE8104058BF7047401C38BF5FEA420285
:10D9000018BF7047002814BF20F0010041F100014A
:10D910004FEA410313F5001F38BF7047A1F1C04122
:10D9200000F0FEBA012A43EB0302ACF1200CDCF15B
:10D930001F0E32BF4FF0000E23FA0CF310EB030062
:10D9400041EB0451B4EB115FD0D0A1EB045101F5D0
:10D95000801149085FEA300001EB04510ED350F109
:10D96000000038BF12FA0EFE08D1BDE81040C9E72A
:10D97000401C38BF5FEA4202CAD1C3E7BDE810408D
:10D980004FEA410313F5001F38BF7047A1F1C041B2
:10D9900000F0C6BA9EEA445F08D011EA5E0FBDE807
:10D9A000104004BF01F0004100207047BDE8104066
:10D9B00070B500F067FA00BF64FBBE3E0000E0FFF8
:10D9C000491058BFC1F140415B1058BFC3F14043FB
:10D9D0008B42EFF3008070472DE9C04130B4DFF88F
:10D9E000A0C23CEA111418BF3CEA131400F0EC800A
:10D9F00081EA03051CEA111444EAD57418BF1CEA35
:10DA0000131500F0C780A4EB05044FF0004545EA6C
:10DA1000C12145EAC32341EA505143EA525304F17C
:10DA20007F74994204F500344FEAC0204FEAC222C5
:10DA300008BF904200F09C804FEA13650FF2401639
:10DA4000765D4FEA134506FB05F7C7F1807706FBC5
:10DA500007F74FEAD737A7FB03687642C8F5803847
:10DA6000A7FB06CE38BFA8F1010807FB08E64FF078
:10DA7000000EA6FB028CE6FB03CEDCF1000CCEF11F
:10DA8000004E38BFAEF1010EA6FB0C584FF0000758
:10DA90004FF00005E6FB0E87A1FB08C6A0FB07CEF2
:10DAA00016EB0E0645F10005E1FB076515F1E04EAA
:10DAB0007EBFA4F580345FEA46066D4116F180070B
:10DAC00045F100054FEA17274FEA066647EA056762
:10DAD000A6F1DE46B6F1805F4FEA15251FD938461C
:10DAE00024F0010C05EBC471BCF1FE6F01EB0C11CD
:10DAF00002D8F0BCBDE8008124425CBF01F5801E65
:10DB00009EEAC47F02D4F0BCBDE80081244238D430
:10DB1000F0BCA1F1C041BDE8004100F001BA4FEAFC
:10DB2000D22242EA43524FEAD323A7FB02864FEAAE
:10DB3000D02040EA415007FB03661EEA0E0F4FEA71
:10DB4000D12105FB026658BFA6EB0056B6EB005686
:10DB50004FEA520E4EEAC37E18EB0E0E56EB530EF2
:10DB6000BDD518EB02085E417F1C55F10005B6E7F4
:10DB70004FF480154FF000074FF000064FF00008FB
:10DB8000ADE7F0BC4FF0000001F1C04101F00041F1
:10DB9000BDE8008111EA0C1F0CEA131500D00CE05F
:10DBA00013EA0C1F00F025804FF00000F0BC81EA62
:10DBB000030101F00041BDE80081F0BCBDE8004177
:10DBC00081EA030100F0ACB9F0BCBDE8004170B5DA
:10DBD00000F058F9097EFC3E00F007B881EA030125
:10DBE0004FF0000001F00041704781EA030100F0AE
:10DBF00097B9F0BCBDE800414FF0000021497047E3
:10DC0000FFFDFBF9F7F5F4F2F0EEEDEBE9E8E6E401
:10DC1000E3E1E0DEDDDBDAD8D7D5D4D3D1D0CFCD88
:10DC2000CCCBCAC8C7C6C5C4C2C1C0BFBEBDBCBBC1
:10DC3000BAB9B8B7B6B5B4B3B2B1B0AFAEADACABBC
:10DC4000AAA9A8A8A7A6A5A4A3A3A2A1A09F9F9E96
:10DC50009D9C9C9B9A999998979796959594939348
:10DC6000929191908F8F8E8E8D8C8C8B8B8A8989DF
:10DC70008888878786858584848383828281818062
:10DC80000000FF070000F87F10F0004248BF40424C
:10DC9000B0FA80F310FA03F10AD0C3F11D0303F5C3
:10DCA00080634FEA415002EB035202EBD1217047EF
:10DCB0004FF000007047000051EA030C17D41CF528
:10DCC000801F58BFBCF5801F00F10680994218BF25
:10DCD000704708BF9042704707D711F5801F58BFA3
:10DCE00013F5801F19D499427047894270471CF57B
:10DCF000801F08D5BCF5801FF7D58B4218BF704731
:10DD000008BF824270474FF4001C1CEB410F38BF24
:10DD10001CEB430F01D28B42704770B500F0B2F894
:10DD2000922449004FF000514FF08053FFF748BE56
:10DD3000DFF848C170B51CEA111E1EBF1CEA13159E
:10DD40009EEA0C0F95EA0C0F00F06F8081EA030445
:10DD500023EA4C134EEAD47E21EA4C1141F480119F
:10DD600043F48013AE44A1FB024CA0FB0365AEF16B
:10DD70007F7E361955EB0C05A1FB034C4CF10003DB
:10DD8000A0FB021C16EB0C06654153F1000309428F
:10DD900018BF46F0010613F4007F0BD14FEA0331A0
:10DDA0004FEA0530340341EA155140EA16506FF04E
:10DDB00003020AE04FEAC3214FEAC520F40241EA18
:10DDC000555140EA56506FF0020202EB2E4201EB31
:10DDD000025585EACE710AD05FEA440C18BF24F0E0
:10DDE000004450F1000041F1000120EAD47040F2FB
:10DDF000FE7C624500D270BDA84214BF4FF0804443
:10DE00004FF04044002E08BF0024BEF1806FA8BF31
:10DE1000A1F1C041BDE8704080F282804FF0000067
:10DE200001F1C04101F0004170479EEA0C0F0CEA7D
:10DE3000131518BF95EA0C0F06D04FF0000081EAC9
:10DE4000030E0EF0004170BD00F01CF88900013E89
:10DE500000F007B800F009B84FEA430C5FEA5C5CD9
:10DE600008D081EA030100F05BB84FEA410C5FEA99
:10DE70005C5CF6D14FF00000014970470000FF07DD
:10DE80000000F87F0EF1020E2EF0030E5EF8046B18
:10DE9000364205D4012A43EB030515F5001F12D8BD
:10DEA000012841EB010C1CF5001F0CD80ED14FEAE4
:10DEB000D17C15F5001F0CEB4C0C0CF1020C08BFCB
:10DEC0004CEBD37C04E04FF0080C01E04FEAD37C2C
:10DED0000CEB4C0526FA05F606F00706B6F1040C25
:10DEE00006D20EEB860CBDE870404CF0010C60478A
:10DEF000DFE80CF0090B02024FF000414FF0000088
:10DF0000A1F5002170BD19461046012851EB01040E
:10DF100018BFD4F5001484BF002001F0004170BD8B
:10DF20000808A0F500114FEA3101704710B591EAD9
:10DF3000030F48BF83F000433FF5A2AC841A71EB96
:10DF4000030C07D212198CF0004C43EB0C03001B9E
:10DF500061EB0C01DFF8A4E14FEA1154A4EB135C70
:10DF60001EEA430F18BF9EEA445F00F0B08023EA28
:10DF70006E03524221EA0451C3EB6E0338BF5B1EAD
:10DF8000DCF1200E25D322FA0CFE10EB0E0043FA32
:10DF90000CFE41EB0E01CCF1200E03FA0EFE10EB4D
:10DFA0000E0051F10001CCF1200E29D412FA0EF22C
:10DFB00001EB0451BDE8104058BF7047401C1CBF26
:10DFC000B2F1004F704700280CBF491C20F001003F
:10DFD000704712EB020E43EB030218BF4FF0010E25
:10DFE0004EEA4202ACF1200CDCF11E0E54D943FA89
:10DFF0000CFE10EB0E0051F1FF31CCF11E0ED5D509
:10E000000EF1010E12FA0EFE404141EB010101EB4F
:10E01000445C5FEA5C5C10D910EBDE7001EB0451EC
:10E0200038BFBEF1004FBDE8104018BF7047002850
:10E030000CBF491C20F00100704730D24FEAD42CAD
:10E0400011F5001124F400641BD0B1FA81F20B3AEF
:10E05000A41AA41ED2F12003914030FA03F319430D
:10E06000904001EBCC71002C01EB0451BDE8104055
:10E07000A8BF704701F1C0414FF0000001F000411E
:10E080007047B0FA80F310FA03F100D110BDE41A22
:10E09000173C4805C90AE4E701EB045110BD4910DB
:10E0A00001EB0451BDE810404FEA300002E04FF0B0
:10E0B000000170474A0008BF0042F8D0B2F5001FC7
:10E0C00028BF704701F000414FF0000070479EEA02
:10E0D000445F07D011EA5E0FBDE8104004BF002185
:10E0E00000207047BDE8104070B5FFF7CBFE00BFC1
:10E0F00040DFF63E83F00041104670470000E0FF2D
:10E1000043004FEAD30C4FEA3C0C43401FBF40078B
:10E110000CF1605113F0FE4F70471CF0006F03D1FB
:10E1200000200CF0004170470CF0004343EA5070AF
:10E1300010B540EACC0000F00EF800BF00000092DD
:10E140004FEA0001FFF7ECBE4FF000414FF0000036
:10E15000A1F5002170470EF1020E2EF0030E5EF8BD
:10E16000044B244204D44FEA4102B2F17F4F11D84C
:10E170004FEA4003B3F17F4F0CD80ED14FEAD07C69
:10E18000B2F17F4F0CEB4C0C0CF1020C08BF4CEBC6
:10E19000D17C04E04FF0080C01E04FEAD17C0CEB9D
:10E1A0004C0324FA03F404F00704B4F1040C06D27F
:10E1B0000EEB840CBDE810404CF0010C6047DFE82A
:10E1C0000CF0070802024FF00040A0F5800010BDDF
:10E1D0000846420018BFD2F1807288BF00F00040AC
:10E1E00010BD4FF04070E1EE100A7047FF2141EA88
:10E1F000D050C005704700009CE8000800000000F7
:10E20000000000000000000000000000000400000A
:10E2100018000000000000000000000094E8000862
:10E2200000000000000000000000000000000000EE
:10E2300000040000280000000000000000000000B2
:10E24000A8E8000800000000000000000000000036
:10E2500000000000000400000800000000000000B2
:10E2600000000000D4E800080000000000000000EA
:10E270000000000000000000000200000800000094
:10E280000000000000000000ECE8000800000000B2
:10E29000000000000000000000000000000200007C
:10E2A000200000000000000000000000C0E800089E
:10E2B000000000000000000000000000000000005E
:10E2C0000002000008000000000000000000000044
:10E2D00084E80008000000000000000000000000CA
:10E2E000000000000004000010000000000000001A
:10E2F00000000000B4E8000800000000000000007A
:10E3000000000000000000000004000010000000F9
:10E31000000000000000000090E80008000000007D
:10E3200000000000000000000000000000040000E9
:10E33000100000000000000000000000E0E80008FD
:10E3400000000000000000000000000000000000CD
:10E350000004000020000000000000000000000099
:10E360000006101600061016000000000000000055
:10E37000010203040607080900000000010203046B
:10E38000000000000000000000000000000000008D
:10E39000000000000000000000000000000000007D
:10E3A000000000000000000000000000000000006D
:10E3B00000000000E04528C65D5F8A46D7F18AC4A8
:10E3C00000F60647E04528C600C82F463B46924562
:10E3D000008608475F6D7F468DA295458A83F64586
:10E3E000009A0D47F41783C7E6126446CED5374628
:10E3F00000061547227AC7476F96C8C603371546E9
:10E4000000661E4796BDBEC725140B47273E3446FF
:10E41000000A254736DCAC47B89EB3C661A85B4608
:10E42000009030474286C3C7973EEB4654E871469A
:10E4300000B83A47A5154147A203EAC64F6672469F
:10E4400000644847BBA76846AC0394C36FDE13461D
:10E4500000605147619935C7B9F70646F5EF2D467B
:10E46000003059472997A446646F96C6BEC10C4632
:10E4700000C8614797788CC32FB9CEC546A46F45B5
:10E480000078664760288946B4FDD3C5D84F9044CC
:10E49000006C6847E12AA2C5ED8CFD459F8D2145A2
:10E4A00000D06847E12AA2C5ED8CFD459F8D21452E
:10E4B00000D068470000803F9A99993F3333B33FBB
:10E4C000CDCCCC3F6666E63F00000040CDCC0C4092
:10E4D0009A99194066662640333333400000404025
:10E4E000CDCC4C409A9959406666664033337340B0
:10E4F0000000804066668640000080406666864078
:10E50000CDCC8C40333393409A9999400000A04081
:10E5100000000000000000000000000000000000FB
:10E5200000000000000000000000000000000000EB
:10E5300000000000000000000000000000000000DB
:10E5400000000000000000000000000000000000CB
:10E5500000000000000000000000000000000000BB
:10E5600000000000000000000000000000000000AB
:10E5700000000000000000000000B33FB2BE7D3A82
:10E5800000002E40DFCF513800007E40BF51FABA64
:10E5900000E0A44019DAC3BA00E0C840C2ED8AB96D
:10E5A0000040EB40CD1F2CBA001006412AFFFABAFA
:10E5B00000C01541DFCFD13700D024419A97703A7F
:10E5C0000050334189478E3600404141E75B9D381A
:10E5D00000B04E41C00A98B900A05B41558F943AF3
:10E5E00000306841DA92C0BA0040744162B3C63A62
:10E5F0000000803F00A0853F00908B3F00C0913F0E
:10E600000030983F00F09E3F00F0A53F0050AD3F26
:10E610000000B53F0000BD3F0060C53F0020CE3F79
:10E620000040D73F00C0E03F00C0EA3F0020F53F78
:10E63000000000007D36AC397D3C3839EBDCF43825
:10E64000320A7E39124C26399B6AED39A4EE8339A1
:10E650007F661E39F6398A392B426539A482113911
:10E660005B991F39C3EECD39DDE7C637A5A22F3937
:10E670000000803FC3AA853FC2958B3FD3C3913F23
:10E68000F037983F32F59E3FD7FEA53F3F58AD3F4C
:10E69000F304B53FA408BD3F2A67C53F8C24CE3F95
:10E6A000FD44D73FDFCCE03FC7C0EA3F7D25F53FC3
:10E6B000000000006E83F9A22915444ED15727FCB3
:10E6C000C0DD34F5999562DB4190433CAB6351FE6C
:10E6D000000000000000000000000000000000003A
:10E6E000000000000000000000000000000000002A
:10E6F00000000000019D000869780008000000008B
:10E70000F59C000800000000000000000000000070
:10E71000F179000800000000AD9D00089379000821
:10E72000000000004579000800000000199D000865
:10E730006978000800000000F59C00080D9D0008A5
:10E740001F9D0008117B0008359D00082D9D0008C5
:10E750000000000000000000697B000800000000CD
:10E7600000000000000000000000000000000000A9
:10E7700000000000019D000869780008000000000A
:10E78000F59C0008000000001F9D0008117B000898
:10E790000000000000000000000000000000000079
:10E7A000000000000000000000000000A58100083B
:10E7B0000000000099840008000000000000000034
:10E7C000858D000800000000279D0008A98C000826
:10E7D00000000000C98B000800000000019D000837
:10E7E000458B000800000000F59C000800000000B8
:10E7F00000000000698B000800000000000000001D
:10E80000C99C00080000000000000000000000009B
:10E81000000000000000000000000000019D000852
:10E820006978000800000000F59C00080000000066
:10E8300000000000117B0008000000000000000044
:10E8400000000000D99C000800000000AD9D0008F9
:10E8500000000000000000000000000000000000B8
:10E86000019D00086978000800000000F59C000880
:10E87000000000001F9D0008117B0008359D000866
:10E880002D9D00086C6F72615461736B3100000044
:10E890004C454400636861737369630043414E31C2
:10E8A0005F53656E6400000043414E325F53656EF6
:10E8B0006400000072656C6F6361746500000000A5
:10E8C0004C61736572506F736974696F6E696E67BE
:10E8D00000000000757365725F6465627567000013
:10E8E00053686F6F745F5461736B00004169725FAE
:10E8F0004A6F79004CEA00080000002090030000F5
:10E90000C4010008C4EA000890030020786B0000EE
:10E91000200200081001000043000000F8FFFFFF84
:10E920000040404040404040404041414141414022
:10E9300040404040404040404040404040404040D7
:10E940004005020202020202020202020202020266
:10E95000022020202020202020202002020202026B
:10E9600002029090909090901010101010101010C3
:10E9700010101010101010101010101002020202CF
:10E980000202888888888888080808080808080813
:10E99000080808080808080808080808020202020F
:10E9A0004000000000000000000000000000000027
:10E9B0000000000000000000000000000000000057
:10E9C0000000000000000000000000000000000047
:10E9D0000000000000000000000000000000000037
:10E9E0000000000000000000000000000000000027
:10E9F0000000000000000000000000000000000017
:10EA00000000000000000000000000000000000006
:10EA100000000000000000000000000000000000F6
:10EA200000000000E5C1FFFF41C2FFFF3DC4FFFF42
:10EA300061C2FFFF05C5FFFFD9C4FFFF7DC2FFFF15
:10EA400001C2FFFF81C3FFFF6DC4FFFF0130321021
:10EA50004201037524F41AAA01014823C963180965
:10EA6000D9641144DA0F4940DA095701013623C845
:10EA70004243204165CDCC4C3E13E144042280BB8F
:10EA800044D93814409C450410C079C45C713D0AD7
:10EA900058012AFC9A99993405A0ACC52737100A69
:10EAA0009A998140508D773FE00229DC0A220120AB
:10EAB00014A25F476CDA77472C65378951410334DC
:04EAC000803F000093
:040000050800018965
:00000001FF
